This is LuaHBTeX, Version 1.24.0 (TeX Live 2026)  (format=lualatex 2026.8.12)  8 SEP 2026 09:17
 restricted system commands enabled.
**index.tex
(./index.tex
LaTeX2e <2026-06-01>
L3 programming layer <2026-07-20>
Lua module: luaotfload 2024-12-03 v3.29 Lua based OpenType font support
Lua module: lualibs 2023-07-13 v2.76 ConTeXt Lua standard libraries.
Lua module: lualibs-extended 2023-07-13 v2.76 ConTeXt Lua libraries -- extended collection.
luaotfload | conf : Root cache directory is "/Users/theresahonein/Library/TinyTeX/texmf-var/luatex-cache/generic/names".
luaotfload | init : Loading fontloader "fontloader-2023-12-28.lua" from kpse-resolved path "/Users/theresahonein/Library/TinyTeX/texmf-dist/tex/luatex/luaotfload/fontloader-2023-12-28.lua".
Lua-only attribute luaotfload@noligature = 1
luaotfload | init : Context OpenType loader version 3.134
Inserting `luaotfload.node_processor' in `pre_linebreak_filter'.
Inserting `luaotfload.node_processor' in `hpack_filter'.
Inserting `luaotfload.glyph_stream' in `glyph_stream_provider'.
Inserting `luaotfload.define_font' in `define_font'.
Lua-only attribute luaotfload_color_attribute = 2
luaotfload | conf : Root cache directory is "/Users/theresahonein/Library/TinyTeX/texmf-var/luatex-cache/generic/names".
Inserting `luaotfload.harf.strip_prefix' in `find_opentype_file'.
Inserting `luaotfload.harf.strip_prefix' in `find_truetype_file'.
Removing  `luaotfload.glyph_stream' from `glyph_stream_provider'.
Inserting `luaotfload.harf.glyphstream' in `glyph_stream_provider'.
Inserting `luaotfload.harf.finalize_vlist' in `post_linebreak_filter'.
Inserting `luaotfload.harf.finalize_hlist' in `hpack_filter'.
Inserting `luaotfload.cleanup_files' in `wrapup_run'.
Inserting `luaotfload.harf.finalize_unicode' in `finish_pdffile'.
Inserting `luaotfload.glyphinfo' in `glyph_info'.
Lua-only attribute luaotfload.letterspace_done = 3
Inserting `luaotfload.aux.set_sscale_dimens' in `luaotfload.patch_font'.
Inserting `luaotfload.aux.set_font_index' in `luaotfload.patch_font'.
Inserting `luaotfload.aux.patch_cambria_domh' in `luaotfload.patch_font'.
Inserting `luaotfload.aux.fixup_fontdata' in `luaotfload.patch_font_unsafe'.
Inserting `luaotfload.aux.set_capheight' in `luaotfload.patch_font'.
Inserting `luaotfload.aux.set_xheight' in `luaotfload.patch_font'.
Inserting `luaotfload.rewrite_fontname' in `luaotfload.patch_font'.
Inserting `tracingstacklevels' in `input_level_string'. (/Users/theresahonein/Library/TinyTeX/texmf-dist/tex/latex/koma-script/scrreprt.cls
Document Class: scrreprt 2026/02/02 v3.49.2 KOMA-Script document class (report)
(/Users/theresahonein/Library/TinyTeX/texmf-dist/tex/latex/koma-script/scrkbase.sty
Package: scrkbase 2026/02/02 v3.49.2 KOMA-Script package (KOMA-Script-dependent basics and keyval usage)
(/Users/theresahonein/Library/TinyTeX/texmf-dist/tex/latex/koma-script/scrbase.sty
Package: scrbase 2026/02/02 v3.49.2 KOMA-Script package (KOMA-Script-independent basics and keyval usage)
(/Users/theresahonein/Library/TinyTeX/texmf-dist/tex/latex/koma-script/scrlfile.sty
Package: scrlfile 2026/02/02 v3.49.2 KOMA-Script package (file load hooks)
(/Users/theresahonein/Library/TinyTeX/texmf-dist/tex/latex/koma-script/scrlfile-hook.sty
Package: scrlfile-hook 2026/02/02 v3.49.2 KOMA-Script package (using LaTeX hooks)
(/Users/theresahonein/Library/TinyTeX/texmf-dist/tex/latex/koma-script/scrlogo.sty
Package: scrlogo 2026/02/02 v3.49.2 KOMA-Script package (logo)
))) (/Users/theresahonein/Library/TinyTeX/texmf-dist/tex/latex/graphics/keyval.sty
Package: keyval 2026-05-17 v1.15 key=value parser (DPC)
\KV@toks@=\toks17
)
Applying: [2021/05/01] Usage of raw or classic option list on input line 254.
Already applied: [0000/00/00] Usage of raw or classic option list on input line 370.
)) (/Users/theresahonein/Library/TinyTeX/texmf-dist/tex/latex/koma-script/tocbasic.sty
Package: tocbasic 2026/02/02 v3.49.2 KOMA-Script package (handling toc-files)
\scr@dte@tocline@numberwidth=\skip49
\scr@dte@tocline@numbox=\box53
)
Package tocbasic Info: omitting babel extension for `toc'
(tocbasic)             because of feature `nobabel' available
(tocbasic)             for `toc' on input line 143.
Class scrreprt Info: File `scrsize11pt.clo' used instead of
(scrreprt)           file `scrsize11.clo' to setup font sizes on input line 2710.
(/Users/theresahonein/Library/TinyTeX/texmf-dist/tex/latex/koma-script/scrsize11pt.clo
File: scrsize11pt.clo 2026/02/02 v3.49.2 KOMA-Script font size class option (11pt)
luaotfload | db : Font names database loaded from /Users/theresahonein/Library/TinyTeX/texmf-var/luatex-cache/generic/names/luaotfload-names.luc.gz) (/Users/theresahonein/Library/TinyTeX/texmf-dist/tex/latex/koma-script/typearea.sty
Package: typearea 2026/02/02 v3.49.2 KOMA-Script package (type area)
\ta@bcor=\skip50
\ta@div=\count274
Package typearea Info: You've used standard option `letterpaper'.
(typearea)             This is correct!
(typearea)             Internally I'm using `paper=letter'.
(typearea)             If you'd like to set the option with \KOMAoptions,
(typearea)             you'd have to use `paper=letter' there
(typearea)             instead of `letterpaper', too.
\ta@hblk=\skip51
\ta@vblk=\skip52
\ta@temp=\skip53
\footheight=\skip54
Package typearea Info: These are the values describing the layout:
(typearea)             DIV  = 11
(typearea)             BCOR = 0.0pt
(typearea)             \paperwidth      = 614.295pt
(typearea)              \textwidth      = 446.76004pt
(typearea)              DIV departure   = -14%
(typearea)              \evensidemargin = 11.49748pt
(typearea)              \oddsidemargin  = 11.49748pt
(typearea)             \paperheight     = 794.96999pt
(typearea)              \textheight     = 582.20026pt
(typearea)              \topmargin      = -37.40001pt
(typearea)              \headheight     = 17.0pt
(typearea)              \headsep        = 20.40001pt
(typearea)              \topskip        = 11.0pt
(typearea)              \footskip       = 47.6pt
(typearea)              \baselineskip   = 13.6pt
(typearea)              on input line 1810.
)
\c_scrreprt_cmdhook_cctab=\catcodetable14
\c@part=\count275
\c@chapter=\count276
\c@section=\count277
\c@subsection=\count278
\c@subsubsection=\count279
\c@paragraph=\count280
\c@subparagraph=\count281
\scr@dte@chapter@maxnumwidth=\skip55
Class scrreprt Info: using compatibility default `afterindent=bysign'
(scrreprt)           for `\chapter on input line 5934.
\scr@dte@section@maxnumwidth=\skip56
Class scrreprt Info: using compatibility default `runin=bysign'
(scrreprt)           for `\section on input line 5945.
Class scrreprt Info: using compatibility default `afterindent=bysign'
(scrreprt)           for `\section on input line 5945.
\scr@dte@part@maxnumwidth=\skip57
Class scrreprt Info: using compatibility default `afterindent=true'
(scrreprt)           for `\part on input line 5954.
\scr@dte@subsection@maxnumwidth=\skip58
Class scrreprt Info: using compatibility default `runin=bysign'
(scrreprt)           for `\subsection on input line 5964.
Class scrreprt Info: using compatibility default `afterindent=bysign'
(scrreprt)           for `\subsection on input line 5964.
\scr@dte@subsubsection@maxnumwidth=\skip59
Class scrreprt Info: using compatibility default `runin=bysign'
(scrreprt)           for `\subsubsection on input line 5974.
Class scrreprt Info: using compatibility default `afterindent=bysign'
(scrreprt)           for `\subsubsection on input line 5974.
\scr@dte@paragraph@maxnumwidth=\skip60
Class scrreprt Info: using compatibility default `runin=bysign'
(scrreprt)           for `\paragraph on input line 5985.
Class scrreprt Info: using compatibility default `afterindent=bysign'
(scrreprt)           for `\paragraph on input line 5985.
\scr@dte@subparagraph@maxnumwidth=\skip61
Class scrreprt Info: using compatibility default `runin=bysign'
(scrreprt)           for `\subparagraph on input line 5995.
Class scrreprt Info: using compatibility default `afterindent=bysign'
(scrreprt)           for `\subparagraph on input line 5995.
\abovecaptionskip=\skip62
\belowcaptionskip=\skip63
\c@pti@nb@sid@b@x=\box54
Package tocbasic Info: omitting babel extension for `lof'
(tocbasic)             because of feature `nobabel' available
(tocbasic)             for `lof' on input line 7225.
\scr@dte@figure@maxnumwidth=\skip64
\c@figure=\count282
Package tocbasic Info: omitting babel extension for `lot'
(tocbasic)             because of feature `nobabel' available
(tocbasic)             for `lot' on input line 7238.
\scr@dte@table@maxnumwidth=\skip65
\c@table=\count283
Class scrreprt Info: Redefining `\numberline' on input line 7409.
\bibindent=\dimen149
) (/Users/theresahonein/Library/TinyTeX/texmf-dist/tex/latex/xcolor/xcolor.sty
Package: xcolor 2024/09/29 v3.02 LaTeX color extensions (UK)
(/Users/theresahonein/Library/TinyTeX/texmf-dist/tex/latex/graphics-cfg/color.cfg
File: color.cfg 2016/01/02 v1.6 sample color configuration
)
Package xcolor Info: Driver file: luatex.def on input line 274.
(/Users/theresahonein/Library/TinyTeX/texmf-dist/tex/latex/graphics-def/luatex.def
File: luatex.def 2025/09/29 v1.2f Graphics/color driver for luatex
) (/Users/theresahonein/Library/TinyTeX/texmf-dist/tex/latex/graphics/mathcolor.ltx)
Package xcolor Info: Model `cmy' substituted by `cmy0' on input line 1349.
Package xcolor Info: Model `hsb' substituted by `rgb' on input line 1353.
Package xcolor Info: Model `RGB' extended on input line 1365.
Package xcolor Info: Model `HTML' substituted by `rgb' on input line 1367.
Package xcolor Info: Model `Hsb' substituted by `hsb' on input line 1368.
Package xcolor Info: Model `tHsb' substituted by `hsb' on input line 1369.
Package xcolor Info: Model `HSB' substituted by `hsb' on input line 1370.
Package xcolor Info: Model `Gray' substituted by `gray' on input line 1371.
Package xcolor Info: Model `wave' substituted by `hsb' on input line 1372.
) (/Users/theresahonein/Library/TinyTeX/texmf-dist/tex/latex/graphics/dvipsnam.def
File: dvipsnam.def 2026-05-17 v3.0m Driver-dependent file (DPC,SPQR)
) (/Users/theresahonein/Library/TinyTeX/texmf-dist/tex/latex/xcolor/svgnam.def
File: svgnam.def 2024/09/29 v3.02 Predefined colors according to SVG 1.1 (UK)
) (/Users/theresahonein/Library/TinyTeX/texmf-dist/tex/latex/xcolor/x11nam.def
File: x11nam.def 2024/09/29 v3.02 Predefined colors according to Unix/X11 (UK)
) (/Users/theresahonein/Library/TinyTeX/texmf-dist/tex/latex/amsmath/amsmath.sty
Package: amsmath 2026/05/19 v2.18d AMS math features
\@mathmargin=\skip66
For additional information on amsmath, use the `?' option.
(/Users/theresahonein/Library/TinyTeX/texmf-dist/tex/latex/amsmath/amstext.sty
Package: amstext 2024/11/17 v2.01 AMS text
(/Users/theresahonein/Library/TinyTeX/texmf-dist/tex/latex/amsmath/amsgen.sty
File: amsgen.sty 1999/11/30 v2.0 generic functions
\@emptytoks=\toks18
\ex@=\dimen150
)) (/Users/theresahonein/Library/TinyTeX/texmf-dist/tex/latex/amsmath/amsbsy.sty
Package: amsbsy 1999/11/29 v1.2d Bold Symbols
\pmbraise@=\dimen151
) (/Users/theresahonein/Library/TinyTeX/texmf-dist/tex/latex/amsmath/amsopn.sty
Package: amsopn 2022/04/08 v2.04 operator names
)
\inf@bad=\count284
LaTeX Info: Redefining \frac on input line 235.
\uproot@=\count285
\leftroot@=\count286
LaTeX Info: Redefining \overline on input line 398.
LaTeX Info: Redefining \colon on input line 409.
\classnum@=\count287
\DOTSCASE@=\count288
LaTeX Info: Redefining \ldots on input line 495.
LaTeX Info: Redefining \dots on input line 498.
LaTeX Info: Redefining \cdots on input line 619.
\Mathstrutbox@=\box55
\strutbox@=\box56
LaTeX Info: Redefining \big on input line 721.
LaTeX Info: Redefining \Big on input line 722.
LaTeX Info: Redefining \bigg on input line 723.
LaTeX Info: Redefining \Bigg on input line 724.
\big@size=\dimen152
LaTeX Font Info:    Redeclaring font encoding OML on input line 742.
LaTeX Font Info:    Redeclaring font encoding OMS on input line 743.
\macc@depth=\count289
LaTeX Info: Redefining \bmod on input line 904.
LaTeX Info: Redefining \pmod on input line 909.
LaTeX Info: Redefining \smash on input line 939.
LaTeX Info: Redefining \relbar on input line 969.
LaTeX Info: Redefining \Relbar on input line 970.
\c@MaxMatrixCols=\count290
\dotsspace@=\muskip17
\c@parentequation=\count291
\dspbrk@lvl=\count292
\tag@help=\toks19
\row@=\count293
\column@=\count294
\maxfields@=\count295
\andhelp@=\toks20
\eqnshift@=\dimen153
\alignsep@=\dimen154
\tagshift@=\dimen155
\tagwidth@=\dimen156
\totwidth@=\dimen157
\lineht@=\dimen158
\@envbody=\toks21
\multlinegap=\skip67
\multlinetaggap=\skip68
\mathdisplay@stack=\toks22
LaTeX Info: Redefining \[ on input line 2965.
LaTeX Info: Redefining \] on input line 2966.
) (/Users/theresahonein/Library/TinyTeX/texmf-dist/tex/latex/amsfonts/amssymb.sty
Package: amssymb 2013/01/14 v3.01 AMS font symbols
(/Users/theresahonein/Library/TinyTeX/texmf-dist/tex/latex/amsfonts/amsfonts.sty
Package: amsfonts 2013/01/14 v3.01 Basic AMSFonts support
\symAMSa=\mathgroup4
\symAMSb=\mathgroup5
LaTeX Font Info:    Redeclaring math symbol \hbar on input line 98.
LaTeX Font Info:    Overwriting math alphabet `\mathfrak' in version `bold'
(Font)                  U/euf/m/n --> U/euf/b/n on input line 106.
)) (/Users/theresahonein/Library/TinyTeX/texmf-dist/tex/generic/iftex/iftex.sty
Package: iftex 2024/12/12 v1.0g TeX engine tests
) (/Users/theresahonein/Library/TinyTeX/texmf-dist/tex/latex/unicode-math/unicode-math.sty (/Users/theresahonein/Library/TinyTeX/texmf-dist/tex/latex/l3kernel/expl3.sty
Package: expl3 2026-07-20 L3 programming layer (loader) 
(/Users/theresahonein/Library/TinyTeX/texmf-dist/tex/latex/l3backend/l3backend-luatex.def
File: l3backend-luatex.def 2026-07-20 L3 backend support: PDF output (LuaTeX)
\l__color_backend_stack_int=\count296
Inserting `l3color' in `luaotfload.parse_color'.))
Package: unicode-math 2023/08/13 v0.8r Unicode maths in XeLaTeX and LuaLaTeX
(/Users/theresahonein/Library/TinyTeX/texmf-dist/tex/latex/unicode-math/unicode-math-luatex.sty
Package: unicode-math-luatex 2023/08/13 v0.8r Unicode maths in XeLaTeX and LuaLaTeX
(/Users/theresahonein/Library/TinyTeX/texmf-dist/tex/latex/l3packages/xparse/xparse.sty
Package: xparse 2025-10-09 L3 Experimental document command parser
) (/Users/theresahonein/Library/TinyTeX/texmf-dist/tex/latex/l3packages/l3keys2e/l3keys2e.sty
Package: l3keys2e 2025-10-09 LaTeX2e option processing using LaTeX3 keys
) (/Users/theresahonein/Library/TinyTeX/texmf-dist/tex/latex/fontspec/fontspec.sty
Package: fontspec 2026/08/11 v2.9h Font selection for XeLaTeX and LuaLaTeX
Lua module: fontspec 2026/08/11 v2.9h Font selection for XeLaTeX and LuaLaTeX (/Users/theresahonein/Library/TinyTeX/texmf-dist/tex/latex/fontspec/fontspec-luatex.sty
Package: fontspec-luatex 2026/08/11 v2.9h Font selection for XeLaTeX and LuaLaTeX
\l__fontspec_script_int=\count297
\l__fontspec_language_int=\count298
\l__fontspec_strnum_int=\count299
\l__fontspec_tmp_int=\count300
\l__fontspec_tmpa_int=\count301
\l__fontspec_tmpb_int=\count302
\l__fontspec_tmpc_int=\count303
\l__fontspec_em_int=\count304
\l__fontspec_emdef_int=\count305
\l__fontspec_strong_int=\count306
\l__fontspec_strongdef_int=\count307
\l__fontspec_tmpa_dim=\dimen159
\l__fontspec_tmpb_dim=\dimen160
\l__fontspec_tmpc_dim=\dimen161
(/Users/theresahonein/Library/TinyTeX/texmf-dist/tex/latex/base/fontenc.sty
Package: fontenc 2025/07/18 v2.1d Standard LaTeX package
) (/Users/theresahonein/Library/TinyTeX/texmf-dist/tex/latex/fontspec/fontspec.cfg))) (/Users/theresahonein/Library/TinyTeX/texmf-dist/tex/latex/base/fix-cm.sty
Package: fix-cm 2020/11/24 v1.1t fixes to LaTeX
(/Users/theresahonein/Library/TinyTeX/texmf-dist/tex/latex/base/ts1enc.def
File: ts1enc.def 2001/06/05 v3.0e (jk/car/fm) Standard LaTeX file
LaTeX Font Info:    Redeclaring font encoding TS1 on input line 47.
LaTeX Encoding Info:    Redeclaring text command \capitalcedilla (encoding TS1) on input line 49.
LaTeX Encoding Info:    Redeclaring text command \capitalogonek (encoding TS1) on input line 52.
LaTeX Encoding Info:    Redeclaring text command \capitalgrave (encoding TS1) on input line 55.
LaTeX Encoding Info:    Redeclaring text command \capitalacute (encoding TS1) on input line 56.
LaTeX Encoding Info:    Redeclaring text command \capitalcircumflex (encoding TS1) on input line 57.
LaTeX Encoding Info:    Redeclaring text command \capitaltilde (encoding TS1) on input line 58.
LaTeX Encoding Info:    Redeclaring text command \capitaldieresis (encoding TS1) on input line 59.
LaTeX Encoding Info:    Redeclaring text command \capitalhungarumlaut (encoding TS1) on input line 60.
LaTeX Encoding Info:    Redeclaring text command \capitalring (encoding TS1) on input line 61.
LaTeX Encoding Info:    Redeclaring text command \capitalcaron (encoding TS1) on input line 62.
LaTeX Encoding Info:    Redeclaring text command \capitalbreve (encoding TS1) on input line 63.
LaTeX Encoding Info:    Redeclaring text command \capitalmacron (encoding TS1) on input line 64.
LaTeX Encoding Info:    Redeclaring text command \capitaldotaccent (encoding TS1) on input line 65.
LaTeX Encoding Info:    Redeclaring text command \t (encoding TS1) on input line 66.
LaTeX Encoding Info:    Redeclaring text command \capitaltie (encoding TS1) on input line 67.
LaTeX Encoding Info:    Redeclaring text command \newtie (encoding TS1) on input line 68.
LaTeX Encoding Info:    Redeclaring text command \capitalnewtie (encoding TS1) on input line 69.
LaTeX Encoding Info:    Redeclaring text symbol \textcapitalcompwordmark (encoding TS1) on input line 70.
LaTeX Encoding Info:    Redeclaring text symbol \textascendercompwordmark (encoding TS1) on input line 71.
LaTeX Encoding Info:    Redeclaring text symbol \textquotestraightbase (encoding TS1) on input line 72.
LaTeX Encoding Info:    Redeclaring text symbol \textquotestraightdblbase (encoding TS1) on input line 73.
LaTeX Encoding Info:    Redeclaring text symbol \texttwelveudash (encoding TS1) on input line 74.
LaTeX Encoding Info:    Redeclaring text symbol \textthreequartersemdash (encoding TS1) on input line 75.
LaTeX Encoding Info:    Redeclaring text symbol \textleftarrow (encoding TS1) on input line 76.
LaTeX Encoding Info:    Redeclaring text symbol \textrightarrow (encoding TS1) on input line 77.
LaTeX Encoding Info:    Redeclaring text symbol \textblank (encoding TS1) on input line 78.
LaTeX Encoding Info:    Redeclaring text symbol \textdollar (encoding TS1) on input line 79.
LaTeX Encoding Info:    Redeclaring text symbol \textquotesingle (encoding TS1) on input line 80.
LaTeX Encoding Info:    Redeclaring text command \textasteriskcentered (encoding TS1) on input line 81.
LaTeX Encoding Info:    Redeclaring text symbol \textdblhyphen (encoding TS1) on input line 92.
LaTeX Encoding Info:    Redeclaring text symbol \textfractionsolidus (encoding TS1) on input line 93.
LaTeX Encoding Info:    Redeclaring text symbol \textzerooldstyle (encoding TS1) on input line 94.
LaTeX Encoding Info:    Redeclaring text symbol \textoneoldstyle (encoding TS1) on input line 95.
LaTeX Encoding Info:    Redeclaring text symbol \texttwooldstyle (encoding TS1) on input line 96.
LaTeX Encoding Info:    Redeclaring text symbol \textthreeoldstyle (encoding TS1) on input line 97.
LaTeX Encoding Info:    Redeclaring text symbol \textfouroldstyle (encoding TS1) on input line 98.
LaTeX Encoding Info:    Redeclaring text symbol \textfiveoldstyle (encoding TS1) on input line 99.
LaTeX Encoding Info:    Redeclaring text symbol \textsixoldstyle (encoding TS1) on input line 100.
LaTeX Encoding Info:    Redeclaring text symbol \textsevenoldstyle (encoding TS1) on input line 101.
LaTeX Encoding Info:    Redeclaring text symbol \texteightoldstyle (encoding TS1) on input line 102.
LaTeX Encoding Info:    Redeclaring text symbol \textnineoldstyle (encoding TS1) on input line 103.
LaTeX Encoding Info:    Redeclaring text symbol \textlangle (encoding TS1) on input line 104.
LaTeX Encoding Info:    Redeclaring text symbol \textminus (encoding TS1) on input line 105.
LaTeX Encoding Info:    Redeclaring text symbol \textrangle (encoding TS1) on input line 106.
LaTeX Encoding Info:    Redeclaring text symbol \textmho (encoding TS1) on input line 107.
LaTeX Encoding Info:    Redeclaring text symbol \textbigcircle (encoding TS1) on input line 108.
LaTeX Encoding Info:    Redeclaring text command \textcircled (encoding TS1) on input line 109.
LaTeX Encoding Info:    Redeclaring text symbol \textohm (encoding TS1) on input line 115.
LaTeX Encoding Info:    Redeclaring text symbol \textlbrackdbl (encoding TS1) on input line 116.
LaTeX Encoding Info:    Redeclaring text symbol \textrbrackdbl (encoding TS1) on input line 117.
LaTeX Encoding Info:    Redeclaring text symbol \textuparrow (encoding TS1) on input line 118.
LaTeX Encoding Info:    Redeclaring text symbol \textdownarrow (encoding TS1) on input line 119.
LaTeX Encoding Info:    Redeclaring text symbol \textasciigrave (encoding TS1) on input line 120.
LaTeX Encoding Info:    Redeclaring text symbol \textborn (encoding TS1) on input line 121.
LaTeX Encoding Info:    Redeclaring text symbol \textdivorced (encoding TS1) on input line 122.
LaTeX Encoding Info:    Redeclaring text symbol \textdied (encoding TS1) on input line 123.
LaTeX Encoding Info:    Redeclaring text symbol \textleaf (encoding TS1) on input line 124.
LaTeX Encoding Info:    Redeclaring text symbol \textmarried (encoding TS1) on input line 125.
LaTeX Encoding Info:    Redeclaring text symbol \textmusicalnote (encoding TS1) on input line 126.
LaTeX Encoding Info:    Redeclaring text symbol \texttildelow (encoding TS1) on input line 127.
LaTeX Encoding Info:    Redeclaring text symbol \textdblhyphenchar (encoding TS1) on input line 128.
LaTeX Encoding Info:    Redeclaring text symbol \textasciibreve (encoding TS1) on input line 129.
LaTeX Encoding Info:    Redeclaring text symbol \textasciicaron (encoding TS1) on input line 130.
LaTeX Encoding Info:    Redeclaring text symbol \textacutedbl (encoding TS1) on input line 131.
LaTeX Encoding Info:    Redeclaring text symbol \textgravedbl (encoding TS1) on input line 132.
LaTeX Encoding Info:    Redeclaring text symbol \textdagger (encoding TS1) on input line 133.
LaTeX Encoding Info:    Redeclaring text symbol \textdaggerdbl (encoding TS1) on input line 134.
LaTeX Encoding Info:    Redeclaring text symbol \textbardbl (encoding TS1) on input line 135.
LaTeX Encoding Info:    Redeclaring text symbol \textperthousand (encoding TS1) on input line 136.
LaTeX Encoding Info:    Redeclaring text symbol \textbullet (encoding TS1) on input line 137.
LaTeX Encoding Info:    Redeclaring text symbol \textcelsius (encoding TS1) on input line 138.
LaTeX Encoding Info:    Redeclaring text symbol \textdollaroldstyle (encoding TS1) on input line 139.
LaTeX Encoding Info:    Redeclaring text symbol \textcentoldstyle (encoding TS1) on input line 140.
LaTeX Encoding Info:    Redeclaring text symbol \textflorin (encoding TS1) on input line 141.
LaTeX Encoding Info:    Redeclaring text symbol \textcolonmonetary (encoding TS1) on input line 142.
LaTeX Encoding Info:    Redeclaring text symbol \textwon (encoding TS1) on input line 143.
LaTeX Encoding Info:    Redeclaring text symbol \textnaira (encoding TS1) on input line 144.
LaTeX Encoding Info:    Redeclaring text symbol \textguarani (encoding TS1) on input line 145.
LaTeX Encoding Info:    Redeclaring text symbol \textpeso (encoding TS1) on input line 146.
LaTeX Encoding Info:    Redeclaring text symbol \textlira (encoding TS1) on input line 147.
LaTeX Encoding Info:    Redeclaring text symbol \textrecipe (encoding TS1) on input line 148.
LaTeX Encoding Info:    Redeclaring text symbol \textinterrobang (encoding TS1) on input line 149.
LaTeX Encoding Info:    Redeclaring text symbol \textinterrobangdown (encoding TS1) on input line 150.
LaTeX Encoding Info:    Redeclaring text symbol \textdong (encoding TS1) on input line 151.
LaTeX Encoding Info:    Redeclaring text symbol \texttrademark (encoding TS1) on input line 152.
LaTeX Encoding Info:    Redeclaring text symbol \textpertenthousand (encoding TS1) on input line 153.
LaTeX Encoding Info:    Redeclaring text symbol \textpilcrow (encoding TS1) on input line 154.
LaTeX Encoding Info:    Redeclaring text symbol \textbaht (encoding TS1) on input line 155.
LaTeX Encoding Info:    Redeclaring text symbol \textnumero (encoding TS1) on input line 156.
LaTeX Encoding Info:    Redeclaring text symbol \textdiscount (encoding TS1) on input line 157.
LaTeX Encoding Info:    Redeclaring text symbol \textestimated (encoding TS1) on input line 158.
LaTeX Encoding Info:    Redeclaring text symbol \textopenbullet (encoding TS1) on input line 159.
LaTeX Encoding Info:    Redeclaring text symbol \textservicemark (encoding TS1) on input line 160.
LaTeX Encoding Info:    Redeclaring text symbol \textlquill (encoding TS1) on input line 161.
LaTeX Encoding Info:    Redeclaring text symbol \textrquill (encoding TS1) on input line 162.
LaTeX Encoding Info:    Redeclaring text symbol \textcent (encoding TS1) on input line 163.
LaTeX Encoding Info:    Redeclaring text symbol \textsterling (encoding TS1) on input line 164.
LaTeX Encoding Info:    Redeclaring text symbol \textcurrency (encoding TS1) on input line 165.
LaTeX Encoding Info:    Redeclaring text symbol \textyen (encoding TS1) on input line 166.
LaTeX Encoding Info:    Redeclaring text symbol \textbrokenbar (encoding TS1) on input line 167.
LaTeX Encoding Info:    Redeclaring text symbol \textsection (encoding TS1) on input line 168.
LaTeX Encoding Info:    Redeclaring text symbol \textasciidieresis (encoding TS1) on input line 169.
LaTeX Encoding Info:    Redeclaring text symbol \textcopyright (encoding TS1) on input line 170.
LaTeX Encoding Info:    Redeclaring text symbol \textordfeminine (encoding TS1) on input line 171.
LaTeX Encoding Info:    Redeclaring text symbol \textcopyleft (encoding TS1) on input line 172.
LaTeX Encoding Info:    Redeclaring text symbol \textlnot (encoding TS1) on input line 173.
LaTeX Encoding Info:    Redeclaring text symbol \textcircledP (encoding TS1) on input line 174.
LaTeX Encoding Info:    Redeclaring text symbol \textregistered (encoding TS1) on input line 175.
LaTeX Encoding Info:    Redeclaring text symbol \textasciimacron (encoding TS1) on input line 176.
LaTeX Encoding Info:    Redeclaring text symbol \textdegree (encoding TS1) on input line 177.
LaTeX Encoding Info:    Redeclaring text symbol \textpm (encoding TS1) on input line 178.
LaTeX Encoding Info:    Redeclaring text symbol \texttwosuperior (encoding TS1) on input line 179.
LaTeX Encoding Info:    Redeclaring text symbol \textthreesuperior (encoding TS1) on input line 180.
LaTeX Encoding Info:    Redeclaring text symbol \textasciiacute (encoding TS1) on input line 181.
LaTeX Encoding Info:    Redeclaring text symbol \textmu (encoding TS1) on input line 182.
LaTeX Encoding Info:    Redeclaring text symbol \textparagraph (encoding TS1) on input line 183.
LaTeX Encoding Info:    Redeclaring text symbol \textperiodcentered (encoding TS1) on input line 184.
LaTeX Encoding Info:    Redeclaring text symbol \textreferencemark (encoding TS1) on input line 185.
LaTeX Encoding Info:    Redeclaring text symbol \textonesuperior (encoding TS1) on input line 186.
LaTeX Encoding Info:    Redeclaring text symbol \textordmasculine (encoding TS1) on input line 187.
LaTeX Encoding Info:    Redeclaring text symbol \textsurd (encoding TS1) on input line 188.
LaTeX Encoding Info:    Redeclaring text symbol \textonequarter (encoding TS1) on input line 189.
LaTeX Encoding Info:    Redeclaring text symbol \textonehalf (encoding TS1) on input line 190.
LaTeX Encoding Info:    Redeclaring text symbol \textthreequarters (encoding TS1) on input line 191.
LaTeX Encoding Info:    Redeclaring text symbol \texteuro (encoding TS1) on input line 192.
LaTeX Encoding Info:    Redeclaring text symbol \texttimes (encoding TS1) on input line 193.
LaTeX Encoding Info:    Redeclaring text symbol \textdiv (encoding TS1) on input line 194.
)) (/Users/theresahonein/Library/TinyTeX/texmf-dist/tex/lualatex/lualatex-math/lualatex-math.sty
Package: lualatex-math 2022/01/01 v1.12 Patches for mathematics typesetting with LuaLaTeX
(/Users/theresahonein/Library/TinyTeX/texmf-dist/tex/latex/etoolbox/etoolbox.sty
Package: etoolbox 2025/10/02 v2.5m e-TeX tools for LaTeX (JAW)
\etb@tempcnta=\count308
)
Lua module: lualatex-math 2013/08/03 v1.3 Patches for mathematics typesetting with LuaLaTeX)
\g__um_fam_int=\count309
\g__um_fonts_used_int=\count310
\l__um_primecount_int=\count311
\g__um_primekern_muskip=\muskip18
(/Users/theresahonein/Library/TinyTeX/texmf-dist/tex/latex/unicode-math/unicode-math-table.tex))) (/Users/theresahonein/Library/TinyTeX/texmf-dist/tex/latex/lm/lmodern.sty
Package: lmodern 2015/05/01 v1.6.1 Latin Modern Fonts
LaTeX Font Info:    Overwriting symbol font `operators' in version `normal'
(Font)                  OT1/cmr/m/n --> OT1/lmr/m/n on input line 22.
LaTeX Font Info:    Overwriting symbol font `letters' in version `normal'
(Font)                  OML/cmm/m/it --> OML/lmm/m/it on input line 23.
LaTeX Font Info:    Overwriting symbol font `symbols' in version `normal'
(Font)                  OMS/cmsy/m/n --> OMS/lmsy/m/n on input line 24.
LaTeX Font Info:    Overwriting symbol font `largesymbols' in version `normal'
(Font)                  OMX/cmex/m/n --> OMX/lmex/m/n on input line 25.
LaTeX Font Info:    Overwriting symbol font `operators' in version `bold'
(Font)                  OT1/cmr/bx/n --> OT1/lmr/bx/n on input line 26.
LaTeX Font Info:    Overwriting symbol font `letters' in version `bold'
(Font)                  OML/cmm/b/it --> OML/lmm/b/it on input line 27.
LaTeX Font Info:    Overwriting symbol font `symbols' in version `bold'
(Font)                  OMS/cmsy/b/n --> OMS/lmsy/b/n on input line 28.
LaTeX Font Info:    Overwriting symbol font `largesymbols' in version `bold'
(Font)                  OMX/cmex/m/n --> OMX/lmex/m/n on input line 29.
LaTeX Font Info:    Overwriting math alphabet `\mathbf' in version `normal'
(Font)                  OT1/cmr/bx/n --> OT1/lmr/bx/n on input line 31.
LaTeX Font Info:    Overwriting math alphabet `\mathsf' in version `normal'
(Font)                  OT1/cmss/m/n --> OT1/lmss/m/n on input line 32.
LaTeX Font Info:    Overwriting math alphabet `\mathit' in version `normal'
(Font)                  OT1/cmr/m/it --> OT1/lmr/m/it on input line 33.
LaTeX Font Info:    Overwriting math alphabet `\mathtt' in version `normal'
(Font)                  OT1/cmtt/m/n --> OT1/lmtt/m/n on input line 34.
LaTeX Font Info:    Overwriting math alphabet `\mathbf' in version `bold'
(Font)                  OT1/cmr/bx/n --> OT1/lmr/bx/n on input line 35.
LaTeX Font Info:    Overwriting math alphabet `\mathsf' in version `bold'
(Font)                  OT1/cmss/bx/n --> OT1/lmss/bx/n on input line 36.
LaTeX Font Info:    Overwriting math alphabet `\mathit' in version `bold'
(Font)                  OT1/cmr/bx/it --> OT1/lmr/bx/it on input line 37.
LaTeX Font Info:    Overwriting math alphabet `\mathtt' in version `bold'
(Font)                  OT1/cmtt/m/n --> OT1/lmtt/m/n on input line 38.
) (/Users/theresahonein/Library/TinyTeX/texmf-dist/tex/latex/upquote/upquote.sty
Package: upquote 2012/04/19 v1.3 upright-quote and grave-accent glyphs in verbatim
(/Users/theresahonein/Library/TinyTeX/texmf-dist/tex/latex/base/textcomp.sty
Package: textcomp 2024/04/24 v2.1b Standard LaTeX package
)) (/Users/theresahonein/Library/TinyTeX/texmf-dist/tex/latex/microtype/microtype.sty
Package: microtype 2026/03/01 v3.2d Micro-typographical refinements (RS)
\MT@toks=\toks23
\MT@tempbox=\box57
\MT@count=\count312
LaTeX Info: Redefining \noprotrusionifhmode on input line 1084.
LaTeX Info: Redefining \leftprotrusion on input line 1085.
\MT@prot@toks=\toks24
LaTeX Info: Redefining \rightprotrusion on input line 1104.
LaTeX Info: Redefining \textls on input line 1449.
\MT@outer@kern=\dimen162
LaTeX Info: Redefining \microtypecontext on input line 2053.
LaTeX Info: Redefining \textmicrotypecontext on input line 2070.
\MT@listname@count=\count313
(/Users/theresahonein/Library/TinyTeX/texmf-dist/tex/latex/microtype/microtype-luatex.def
File: microtype-luatex.def 2026/03/01 v3.2d Definitions specific to luatex (RS)
Lua module: microtype 2026/03/01 v3.2d microtype module.
Module microtype Info: overwriting function `keepligature' on input line 63
LaTeX Info: Redefining \lsstyle on input line 779.
LaTeX Info: Redefining \lslig on input line 779.
\MT@outer@space=\skip69
)
Package microtype Info: Loading configuration file microtype.cfg.
(/Users/theresahonein/Library/TinyTeX/texmf-dist/tex/latex/microtype/microtype.cfg
File: microtype.cfg 2026/03/01 v3.2d microtype main configuration file (RS)
)
LaTeX Info: Redefining \microtypesetup on input line 3065.
) (/Users/theresahonein/Library/TinyTeX/texmf-dist/tex/latex/tools/longtable.sty
Package: longtable 2026-01-28 v4.27 Multi-page Table package (DPC)
\LTleft=\skip70
\LTright=\skip71
\LTpre=\skip72
\LTpost=\skip73
\LTchunksize=\count314
\LTcapwidth=\dimen163
\LT@head=\box58
\LT@firsthead=\box59
\LT@foot=\box60
\LT@lastfoot=\box61
\LT@gbox=\box62
\LT@cols=\count315
\LT@rows=\count316
\c@LT@tables=\count317
\c@LT@chunks=\count318
\LT@p@ftn=\toks25
)
Class scrreprt Info: longtable captions redefined on input line 70.
(/Users/theresahonein/Library/TinyTeX/texmf-dist/tex/latex/booktabs/booktabs.sty
Package: booktabs 2020/01/12 v1.61803398 Publication quality tables
\heavyrulewidth=\dimen164
\lightrulewidth=\dimen165
\cmidrulewidth=\dimen166
\belowrulesep=\dimen167
\belowbottomsep=\dimen168
\aboverulesep=\dimen169
\abovetopsep=\dimen170
\cmidrulesep=\dimen171
\cmidrulekern=\dimen172
\defaultaddspace=\dimen173
\@cmidla=\count319
\@cmidlb=\count320
\@aboverulesep=\dimen174
\@belowrulesep=\dimen175
\@thisruleclass=\count321
\@lastruleclass=\count322
\@thisrulewidth=\dimen176
) (/Users/theresahonein/Library/TinyTeX/texmf-dist/tex/latex/tools/array.sty
Package: array 2026/02/24 v2.7b Tabular extension package (FMi)
\col@sep=\dimen177
\ar@mcellbox=\box63
\extrarowheight=\dimen178
\NC@list=\toks26
\extratabsurround=\skip74
\backup@length=\skip75
\ar@cellbox=\box64
)
\c@none=\count323
(/Users/theresahonein/Library/TinyTeX/texmf-dist/tex/latex/tools/calc.sty
Package: calc 2025/03/01 v4.3b Infix arithmetic (KKT,FJ)
\calc@Acount=\count324
\calc@Bcount=\count325
\calc@Adimen=\dimen179
\calc@Bdimen=\dimen180
\calc@Askip=\skip76
\calc@Bskip=\skip77
LaTeX Info: Redefining \setlength on input line 86.
LaTeX Info: Redefining \addtolength on input line 87.
\calc@Ccount=\count326
\calc@Cskip=\skip78
) (/Users/theresahonein/Library/TinyTeX/texmf-dist/tex/latex/mdwtools/footnote.sty
Package: footnote 1997/01/28 1.13 Save footnotes around boxes
\fn@notes=\box65
\fn@width=\dimen181
) (/Users/theresahonein/Library/TinyTeX/texmf-dist/tex/latex/graphics/graphicx.sty
Package: graphicx 2026-05-17 v1.2e Enhanced LaTeX Graphics (DPC,SPQR)
(/Users/theresahonein/Library/TinyTeX/texmf-dist/tex/latex/graphics/graphics.sty
Package: graphics 2026-05-17 v1.4h Standard LaTeX Graphics (DPC,SPQR)
(/Users/theresahonein/Library/TinyTeX/texmf-dist/tex/latex/graphics/trig.sty
Package: trig 2023/12/02 v1.11 sin cos tan (DPC)
) (/Users/theresahonein/Library/TinyTeX/texmf-dist/tex/latex/graphics-cfg/graphics.cfg
File: graphics.cfg 2016/06/04 v1.11 sample graphics configuration
)
Package graphics Info: Driver file: luatex.def on input line 106.
)
\Gin@req@height=\dimen182
\Gin@req@width=\dimen183
)
\pandoc@box=\box66
\cslhangindent=\skip79
\csllabelwidth=\skip80
(/Users/theresahonein/Library/TinyTeX/texmf-dist/tex/latex/pgf/frontendlayer/tikz.sty (/Users/theresahonein/Library/TinyTeX/texmf-dist/tex/latex/pgf/basiclayer/pgf.sty (/Users/theresahonein/Library/TinyTeX/texmf-dist/tex/latex/pgf/utilities/pgfrcs.sty (/Users/theresahonein/Library/TinyTeX/texmf-dist/tex/generic/pgf/utilities/pgfutil-common.tex
\pgfutil@everybye=\toks27
\pgfutil@tempdima=\dimen184
\pgfutil@tempdimb=\dimen185
) (/Users/theresahonein/Library/TinyTeX/texmf-dist/tex/generic/pgf/utilities/pgfutil-latex.def
\pgfutil@abb=\box67
) (/Users/theresahonein/Library/TinyTeX/texmf-dist/tex/generic/pgf/utilities/pgfrcs.code.tex (/Users/theresahonein/Library/TinyTeX/texmf-dist/tex/generic/pgf/pgf.revision.tex)
Package: pgfrcs 2026-08-01 v3.1.12 (3.1.12)
))
Package: pgf 2026-08-01 v3.1.12 (3.1.12)
(/Users/theresahonein/Library/TinyTeX/texmf-dist/tex/latex/pgf/basiclayer/pgfcore.sty (/Users/theresahonein/Library/TinyTeX/texmf-dist/tex/latex/pgf/systemlayer/pgfsys.sty (/Users/theresahonein/Library/TinyTeX/texmf-dist/tex/generic/pgf/systemlayer/pgfsys.code.tex
Package: pgfsys 2026-08-01 v3.1.12 (3.1.12)
(/Users/theresahonein/Library/TinyTeX/texmf-dist/tex/generic/pgf/utilities/pgfkeys.code.tex
\pgfkeys@pathtoks=\toks28
\pgfkeys@temptoks=\toks29
(/Users/theresahonein/Library/TinyTeX/texmf-dist/tex/generic/pgf/utilities/pgfkeyslibraryfiltered.code.tex
\pgfkeys@tmptoks=\toks30
))
\pgf@x=\dimen186
\pgf@y=\dimen187
\pgf@xa=\dimen188
\pgf@ya=\dimen189
\pgf@xb=\dimen190
\pgf@yb=\dimen191
\pgf@xc=\dimen192
\pgf@yc=\dimen193
\pgf@xd=\dimen194
\pgf@yd=\dimen195
\w@pgf@writea=\write3
\r@pgf@reada=\read2
\c@pgf@counta=\count327
\c@pgf@countb=\count328
\c@pgf@countc=\count329
\c@pgf@countd=\count330
\t@pgf@toka=\toks31
\t@pgf@tokb=\toks32
\t@pgf@tokc=\toks33
\pgf@sys@id@count=\count331
Lua function pgfsys@strcmp = 31 (/Users/theresahonein/Library/TinyTeX/texmf-dist/tex/generic/pgf/systemlayer/pgf.cfg
File: pgf.cfg 2026-08-01 v3.1.12 (3.1.12)
)
Driver file for pgf: pgfsys-luatex.def
(/Users/theresahonein/Library/TinyTeX/texmf-dist/tex/generic/pgf/systemlayer/pgfsys-luatex.def
File: pgfsys-luatex.def 2026-08-01 v3.1.12 (3.1.12)
(/Users/theresahonein/Library/TinyTeX/texmf-dist/tex/generic/pgf/systemlayer/pgfsys-common-pdf.def
File: pgfsys-common-pdf.def 2026-08-01 v3.1.12 (3.1.12)
))) (/Users/theresahonein/Library/TinyTeX/texmf-dist/tex/generic/pgf/systemlayer/pgfsyssoftpath.code.tex
File: pgfsyssoftpath.code.tex 2026-08-01 v3.1.12 (3.1.12)
\pgfsyssoftpath@smallbuffer@items=\count332
\pgfsyssoftpath@bigbuffer@items=\count333
) (/Users/theresahonein/Library/TinyTeX/texmf-dist/tex/generic/pgf/systemlayer/pgfsysprotocol.code.tex
File: pgfsysprotocol.code.tex 2026-08-01 v3.1.12 (3.1.12)
)) (/Users/theresahonein/Library/TinyTeX/texmf-dist/tex/generic/pgf/basiclayer/pgfcore.code.tex
Package: pgfcore 2026-08-01 v3.1.12 (3.1.12)
(/Users/theresahonein/Library/TinyTeX/texmf-dist/tex/generic/pgf/math/pgfmath.code.tex (/Users/theresahonein/Library/TinyTeX/texmf-dist/tex/generic/pgf/math/pgfmathutil.code.tex) (/Users/theresahonein/Library/TinyTeX/texmf-dist/tex/generic/pgf/math/pgfmathparser.code.tex
\pgfmath@dimen=\dimen196
\pgfmath@count=\count334
\pgfmath@box=\box68
\pgfmath@toks=\toks34
\pgfmath@stack@operand=\toks35
\pgfmath@stack@operation=\toks36
) (/Users/theresahonein/Library/TinyTeX/texmf-dist/tex/generic/pgf/math/pgfmathfunctions.code.tex) (/Users/theresahonein/Library/TinyTeX/texmf-dist/tex/generic/pgf/math/pgfmathfunctions.basic.code.tex) (/Users/theresahonein/Library/TinyTeX/texmf-dist/tex/generic/pgf/math/pgfmathfunctions.trigonometric.code.tex) (/Users/theresahonein/Library/TinyTeX/texmf-dist/tex/generic/pgf/math/pgfmathfunctions.random.code.tex) (/Users/theresahonein/Library/TinyTeX/texmf-dist/tex/generic/pgf/math/pgfmathfunctions.comparison.code.tex) (/Users/theresahonein/Library/TinyTeX/texmf-dist/tex/generic/pgf/math/pgfmathfunctions.base.code.tex) (/Users/theresahonein/Library/TinyTeX/texmf-dist/tex/generic/pgf/math/pgfmathfunctions.round.code.tex) (/Users/theresahonein/Library/TinyTeX/texmf-dist/tex/generic/pgf/math/pgfmathfunctions.misc.code.tex) (/Users/theresahonein/Library/TinyTeX/texmf-dist/tex/generic/pgf/math/pgfmathfunctions.integerarithmetics.code.tex) (/Users/theresahonein/Library/TinyTeX/texmf-dist/tex/generic/pgf/math/pgfmathcalc.code.tex) (/Users/theresahonein/Library/TinyTeX/texmf-dist/tex/generic/pgf/math/pgfmathfloat.code.tex
\c@pgfmathroundto@lastzeros=\count335
)) (/Users/theresahonein/Library/TinyTeX/texmf-dist/tex/generic/pgf/math/pgfint.code.tex) (/Users/theresahonein/Library/TinyTeX/texmf-dist/tex/generic/pgf/basiclayer/pgfcorepoints.code.tex
File: pgfcorepoints.code.tex 2026-08-01 v3.1.12 (3.1.12)
\pgf@picminx=\dimen197
\pgf@picmaxx=\dimen198
\pgf@picminy=\dimen199
\pgf@picmaxy=\dimen256
\pgf@pathminx=\dimen257
\pgf@pathmaxx=\dimen258
\pgf@pathminy=\dimen259
\pgf@pathmaxy=\dimen260
\pgf@xx=\dimen261
\pgf@xy=\dimen262
\pgf@yx=\dimen263
\pgf@yy=\dimen264
\pgf@zx=\dimen265
\pgf@zy=\dimen266
) (/Users/theresahonein/Library/TinyTeX/texmf-dist/tex/generic/pgf/basiclayer/pgfcorepathconstruct.code.tex
File: pgfcorepathconstruct.code.tex 2026-08-01 v3.1.12 (3.1.12)
\pgf@path@lastx=\dimen267
\pgf@path@lasty=\dimen268
) (/Users/theresahonein/Library/TinyTeX/texmf-dist/tex/generic/pgf/basiclayer/pgfcorepathusage.code.tex
File: pgfcorepathusage.code.tex 2026-08-01 v3.1.12 (3.1.12)
\pgf@shorten@end@additional=\dimen269
\pgf@shorten@start@additional=\dimen270
) (/Users/theresahonein/Library/TinyTeX/texmf-dist/tex/generic/pgf/basiclayer/pgfcorescopes.code.tex
File: pgfcorescopes.code.tex 2026-08-01 v3.1.12 (3.1.12)
\pgfpic=\box69
\pgf@hbox=\box70
\pgf@layerbox@main=\box71
\pgf@picture@serial@count=\count336
) (/Users/theresahonein/Library/TinyTeX/texmf-dist/tex/generic/pgf/basiclayer/pgfcoregraphicstate.code.tex
File: pgfcoregraphicstate.code.tex 2026-08-01 v3.1.12 (3.1.12)
\pgflinewidth=\dimen271
) (/Users/theresahonein/Library/TinyTeX/texmf-dist/tex/generic/pgf/basiclayer/pgfcoretransformations.code.tex
File: pgfcoretransformations.code.tex 2026-08-01 v3.1.12 (3.1.12)
\pgf@pt@x=\dimen272
\pgf@pt@y=\dimen273
\pgf@pt@temp=\dimen274
) (/Users/theresahonein/Library/TinyTeX/texmf-dist/tex/generic/pgf/basiclayer/pgfcorequick.code.tex
File: pgfcorequick.code.tex 2026-08-01 v3.1.12 (3.1.12)
) (/Users/theresahonein/Library/TinyTeX/texmf-dist/tex/generic/pgf/basiclayer/pgfcoreobjects.code.tex
File: pgfcoreobjects.code.tex 2026-08-01 v3.1.12 (3.1.12)
) (/Users/theresahonein/Library/TinyTeX/texmf-dist/tex/generic/pgf/basiclayer/pgfcorepathprocessing.code.tex
File: pgfcorepathprocessing.code.tex 2026-08-01 v3.1.12 (3.1.12)
) (/Users/theresahonein/Library/TinyTeX/texmf-dist/tex/generic/pgf/basiclayer/pgfcorearrows.code.tex
File: pgfcorearrows.code.tex 2026-08-01 v3.1.12 (3.1.12)
\pgfarrowsep=\dimen275
) (/Users/theresahonein/Library/TinyTeX/texmf-dist/tex/generic/pgf/basiclayer/pgfcoreshade.code.tex
File: pgfcoreshade.code.tex 2026-08-01 v3.1.12 (3.1.12)
\pgf@max=\dimen276
\pgf@sys@shading@range@num=\count337
\pgf@shadingcount=\count338
) (/Users/theresahonein/Library/TinyTeX/texmf-dist/tex/generic/pgf/basiclayer/pgfcoreimage.code.tex
File: pgfcoreimage.code.tex 2026-08-01 v3.1.12 (3.1.12)
) (/Users/theresahonein/Library/TinyTeX/texmf-dist/tex/generic/pgf/basiclayer/pgfcoreexternal.code.tex
File: pgfcoreexternal.code.tex 2026-08-01 v3.1.12 (3.1.12)
\pgfexternal@startupbox=\box72
) (/Users/theresahonein/Library/TinyTeX/texmf-dist/tex/generic/pgf/basiclayer/pgfcorelayers.code.tex
File: pgfcorelayers.code.tex 2026-08-01 v3.1.12 (3.1.12)
) (/Users/theresahonein/Library/TinyTeX/texmf-dist/tex/generic/pgf/basiclayer/pgfcoretransparency.code.tex
File: pgfcoretransparency.code.tex 2026-08-01 v3.1.12 (3.1.12)
) (/Users/theresahonein/Library/TinyTeX/texmf-dist/tex/generic/pgf/basiclayer/pgfcorepatterns.code.tex
File: pgfcorepatterns.code.tex 2026-08-01 v3.1.12 (3.1.12)
) (/Users/theresahonein/Library/TinyTeX/texmf-dist/tex/generic/pgf/basiclayer/pgfcorerdf.code.tex
File: pgfcorerdf.code.tex 2026-08-01 v3.1.12 (3.1.12)
))) (/Users/theresahonein/Library/TinyTeX/texmf-dist/tex/generic/pgf/modules/pgfmoduleshapes.code.tex
File: pgfmoduleshapes.code.tex 2026-08-01 v3.1.12 (3.1.12)
\pgfnodeparttextbox=\box73
) (/Users/theresahonein/Library/TinyTeX/texmf-dist/tex/generic/pgf/modules/pgfmoduleplot.code.tex
File: pgfmoduleplot.code.tex 2026-08-01 v3.1.12 (3.1.12)
) (/Users/theresahonein/Library/TinyTeX/texmf-dist/tex/latex/pgf/compatibility/pgfcomp-version-0-65.sty
Package: pgfcomp-version-0-65 2026-08-01 v3.1.12 (3.1.12)
\pgf@nodesepstart=\dimen277
\pgf@nodesepend=\dimen278
) (/Users/theresahonein/Library/TinyTeX/texmf-dist/tex/latex/pgf/compatibility/pgfcomp-version-1-18.sty
Package: pgfcomp-version-1-18 2026-08-01 v3.1.12 (3.1.12)
)) (/Users/theresahonein/Library/TinyTeX/texmf-dist/tex/latex/pgf/utilities/pgffor.sty (/Users/theresahonein/Library/TinyTeX/texmf-dist/tex/latex/pgf/utilities/pgfkeys.sty (/Users/theresahonein/Library/TinyTeX/texmf-dist/tex/generic/pgf/utilities/pgfkeys.code.tex)) (/Users/theresahonein/Library/TinyTeX/texmf-dist/tex/latex/pgf/math/pgfmath.sty (/Users/theresahonein/Library/TinyTeX/texmf-dist/tex/generic/pgf/math/pgfmath.code.tex)) (/Users/theresahonein/Library/TinyTeX/texmf-dist/tex/generic/pgf/utilities/pgffor.code.tex
Package: pgffor 2026-08-01 v3.1.12 (3.1.12)
\pgffor@iter=\dimen279
\pgffor@skip=\dimen280
\pgffor@stack=\toks37
\pgffor@toks=\toks38
)) (/Users/theresahonein/Library/TinyTeX/texmf-dist/tex/generic/pgf/frontendlayer/tikz/tikz.code.tex
Package: tikz 2026-08-01 v3.1.12 (3.1.12)
(/Users/theresahonein/Library/TinyTeX/texmf-dist/tex/generic/pgf/libraries/pgflibraryplothandlers.code.tex
File: pgflibraryplothandlers.code.tex 2026-08-01 v3.1.12 (3.1.12)
\pgf@plot@mark@count=\count339
\pgfplotmarksize=\dimen281
)
\tikz@lastx=\dimen282
\tikz@lasty=\dimen283
\tikz@lastxsaved=\dimen284
\tikz@lastysaved=\dimen285
\tikz@lastmovetox=\dimen286
\tikz@lastmovetoy=\dimen287
\tikzleveldistance=\dimen288
\tikzsiblingdistance=\dimen289
\tikz@figbox=\box74
\tikz@figbox@bg=\box75
\tikz@tempbox=\box76
\tikz@tempbox@bg=\box77
\tikztreelevel=\count340
\tikznumberofchildren=\count341
\tikznumberofcurrentchild=\count342
\tikz@fig@count=\count343
(/Users/theresahonein/Library/TinyTeX/texmf-dist/tex/generic/pgf/modules/pgfmodulematrix.code.tex
File: pgfmodulematrix.code.tex 2026-08-01 v3.1.12 (3.1.12)
\pgfmatrixcurrentrow=\count344
\pgfmatrixcurrentcolumn=\count345
\pgf@matrix@numberofcolumns=\count346
)
\tikz@expandcount=\count347
(/Users/theresahonein/Library/TinyTeX/texmf-dist/tex/generic/pgf/frontendlayer/tikz/libraries/tikzlibrarytopaths.code.tex
File: tikzlibrarytopaths.code.tex 2026-08-01 v3.1.12 (3.1.12)
))) (/Users/theresahonein/Library/TinyTeX/texmf-dist/tex/latex/tcolorbox/tcolorbox.sty
Package: tcolorbox 2026/05/28 version 6.10.0 text color boxes
(/Users/theresahonein/Library/TinyTeX/texmf-dist/tex/latex/tools/verbatim.sty
Package: verbatim 2024-01-22 v1.5x LaTeX2e package for verbatim enhancements
\every@verbatim=\toks39
\verbatim@line=\toks40
\verbatim@in@stream=\read3
) (/Users/theresahonein/Library/TinyTeX/texmf-dist/tex/latex/environ/environ.sty
Package: environ 2014/05/04 v0.3 A new way to define environments
(/Users/theresahonein/Library/TinyTeX/texmf-dist/tex/latex/trimspaces/trimspaces.sty
Package: trimspaces 2009/09/17 v1.1 Trim spaces around a token list
))
\tcb@titlebox=\box78
\tcb@upperbox=\box79
\tcb@lowerbox=\box80
\tcb@phantombox=\box81
\c@tcbbreakpart=\count348
\c@tcblayer=\count349
\c@tcolorbox@number=\count350
\l__tcobox_tmpa_box=\box82
\l__tcobox_tmpa_dim=\dimen290
\tcb@temp=\box83
\tcb@temp=\box84
\tcb@temp=\box85
\tcb@temp=\box86
(/Users/theresahonein/Library/TinyTeX/texmf-dist/tex/latex/tcolorbox/tcbskins.code.tex
Library (tcolorbox): 'tcbskins.code.tex' version '6.10.0'
(/Users/theresahonein/Library/TinyTeX/texmf-dist/tex/latex/tikzfill/tikzfill.image.sty
Package: tikzfill.image 2026/04/23 v1.2.0 Image filling library for TikZ
(/Users/theresahonein/Library/TinyTeX/texmf-dist/tex/latex/tikzfill/tikzlibraryfill.image.code.tex
File: tikzlibraryfill.image.code.tex 2026/04/23 v1.2.0 Image filling library
\l__tikzfill_tmpa_dim=\dimen291
\l__tikzfill_tmpb_dim=\dimen292
\l__tikzfill_img_box=\box87
)) (/Users/theresahonein/Library/TinyTeX/texmf-dist/tex/latex/tcolorbox/tcbskinsjigsaw.code.tex
Library (tcolorbox): 'tcbskinsjigsaw.code.tex' version '6.10.0'
)) (/Users/theresahonein/Library/TinyTeX/texmf-dist/tex/latex/tcolorbox/tcbbreakable.code.tex
Library (tcolorbox): 'tcbbreakable.code.tex' version '6.10.0'
(/Users/theresahonein/Library/TinyTeX/texmf-dist/tex/latex/pdfcol/pdfcol.sty
Package: pdfcol 2026-06-20 v1.8 Handle new color stacks for pdfTeX (HO)
(/Users/theresahonein/Library/TinyTeX/texmf-dist/tex/generic/ltxcmds/ltxcmds.sty
Package: ltxcmds 2023-12-04 v1.26 LaTeX kernel commands for general use (HO)
) (/Users/theresahonein/Library/TinyTeX/texmf-dist/tex/generic/infwarerr/infwarerr.sty
Package: infwarerr 2019/12/03 v1.5 Providing info/warning/error messages (HO)
))
Package pdfcol Info: New color stack `tcb@breakable' = 1 on input line 23.
\tcb@testbox=\box88
\tcb@totalupperbox=\box89
\tcb@totallowerbox=\box90
(/Users/theresahonein/Library/TinyTeX/texmf-dist/tex/generic/iftex/ifluatex.sty
Package: ifluatex 2019/10/25 v1.5 ifluatex legacy package. Use iftex instead.
))) (/Users/theresahonein/Library/TinyTeX/texmf-dist/tex/latex/fontawesome5/fontawesome5.sty
Package: fontawesome5 2022/05/02 v5.15.4 Font Awesome 5
(/Users/theresahonein/Library/TinyTeX/texmf-dist/tex/latex/fontawesome5/fontawesome5-utex-helper.sty
Package: fontawesome5-utex-helper 2022/05/02 v5.15.4 uTeX helper for fontawesome5
(/Users/theresahonein/Library/TinyTeX/texmf-dist/tex/luatex/luatexbase/luatexbase.sty
Package: luatexbase 2015/10/04 v1.3 luatexbase interface to LuaTeX 
(/Users/theresahonein/Library/TinyTeX/texmf-dist/tex/luatex/ctablestack/ctablestack.sty
Package: ctablestack 2015/10/01 v1.0 Catcode table stable support
\@catcodetablestackcnt=\count351
)
\CatcodeTableOther=\catcodetable15
\CatcodeTableExpl=\catcodetable16
)
LaTeX Font Info:    Trying to load font information for TU+fontawesomefree on input line 69.
(/Users/theresahonein/Library/TinyTeX/texmf-dist/tex/latex/fontawesome5/tufontawesomefree.fd)
LaTeX Font Info:    Trying to load font information for TU+fontawesomebrands on input line 70.
(/Users/theresahonein/Library/TinyTeX/texmf-dist/tex/latex/fontawesome5/tufontawesomebrands.fd))) (/Users/theresahonein/Library/TinyTeX/texmf-dist/tex/latex/bookmark/bookmark.sty
Package: bookmark 2026-05-21 v1.32 PDF bookmarks (HO)
(/Users/theresahonein/Library/TinyTeX/texmf-dist/tex/latex/hyperref/hyperref.sty
Package: hyperref 2026-06-17 v7.01r Hypertext links for LaTeX
(/Users/theresahonein/Library/TinyTeX/texmf-dist/tex/latex/kvsetkeys/kvsetkeys.sty
Package: kvsetkeys 2022-10-05 v1.19 Key value parser (HO)
) (/Users/theresahonein/Library/TinyTeX/texmf-dist/tex/generic/kvdefinekeys/kvdefinekeys.sty
Package: kvdefinekeys 2019-12-19 v1.6 Define keys (HO)
) (/Users/theresahonein/Library/TinyTeX/texmf-dist/tex/generic/pdfescape/pdfescape.sty
Package: pdfescape 2019/12/09 v1.15 Implements pdfTeX's escape features (HO)
(/Users/theresahonein/Library/TinyTeX/texmf-dist/tex/generic/pdftexcmds/pdftexcmds.sty
Package: pdftexcmds 2020-06-27 v0.33 Utility functions of pdfTeX for LuaTeX (HO)
Package pdftexcmds Info: \pdf@primitive is available.
Package pdftexcmds Info: \pdf@ifprimitive is available.
Package pdftexcmds Info: \pdfdraftmode found.
\pdftexcmds@toks=\toks41
)) (/Users/theresahonein/Library/TinyTeX/texmf-dist/tex/latex/hycolor/hycolor.sty
Package: hycolor 2020-01-27 v1.10 Color options for hyperref/bookmark (HO)
) (/Users/theresahonein/Library/TinyTeX/texmf-dist/tex/latex/hyperref/nameref.sty
Package: nameref 2026-01-29 v2.58 Cross-referencing by name of section
(/Users/theresahonein/Library/TinyTeX/texmf-dist/tex/latex/refcount/refcount.sty
Package: refcount 2019/12/15 v3.6 Data extraction from label references (HO)
) (/Users/theresahonein/Library/TinyTeX/texmf-dist/tex/generic/gettitlestring/gettitlestring.sty
Package: gettitlestring 2019/12/15 v1.6 Cleanup title references (HO)
(/Users/theresahonein/Library/TinyTeX/texmf-dist/tex/latex/kvoptions/kvoptions.sty
Package: kvoptions 2022-06-15 v3.15 Key value format for package options (HO)
))
\c@section@level=\count352
) (/Users/theresahonein/Library/TinyTeX/texmf-dist/tex/generic/stringenc/stringenc.sty
Package: stringenc 2019/11/29 v1.12 Convert strings between diff. encodings (HO)
)
\@linkdim=\dimen293
\Hy@linkcounter=\count353
\Hy@pagecounter=\count354
(/Users/theresahonein/Library/TinyTeX/texmf-dist/tex/latex/hyperref/pd1enc.def
File: pd1enc.def 2026-06-17 v7.01r Hyperref: PDFDocEncoding definition (HO)
) (/Users/theresahonein/Library/TinyTeX/texmf-dist/tex/generic/intcalc/intcalc.sty
Package: intcalc 2019/12/15 v1.3 Expandable calculations with integers (HO)
)
\Hy@SavedSpaceFactor=\count355
(/Users/theresahonein/Library/TinyTeX/texmf-dist/tex/latex/hyperref/puenc.def
File: puenc.def 2026-06-17 v7.01r Hyperref: PDF Unicode definition (HO)
)
Package hyperref Info: Option `unicode' set `true' on input line 4070.
Package hyperref Info: Hyper figures OFF on input line 4199.
Package hyperref Info: Link nesting OFF on input line 4204.
Package hyperref Info: Hyper index ON on input line 4207.
Package hyperref Info: Plain pages OFF on input line 4214.
Package hyperref Info: Backreferencing OFF on input line 4219.
Package hyperref Info: Implicit mode ON; LaTeX internals redefined.
Package hyperref Info: Bookmarks ON on input line 4466.
\c@Hy@tempcnt=\count356
(/Users/theresahonein/Library/TinyTeX/texmf-dist/tex/latex/url/url.sty
\Urlmuskip=\muskip19
Package: url 2013/09/16  ver 3.4  Verb mode for urls, etc.
)
LaTeX Info: Redefining \url on input line 4805.
\XeTeXLinkMargin=\dimen294
(/Users/theresahonein/Library/TinyTeX/texmf-dist/tex/generic/bitset/bitset.sty
Package: bitset 2019/12/09 v1.3 Handle bit-vector datatype (HO)
(/Users/theresahonein/Library/TinyTeX/texmf-dist/tex/generic/bigintcalc/bigintcalc.sty
Package: bigintcalc 2019/12/15 v1.5 Expandable calculations on big integers (HO)
))
\Fld@menulength=\count357
\Field@Width=\dimen295
\Fld@charsize=\dimen296
Package hyperref Info: Hyper figures OFF on input line 6091.
Package hyperref Info: Link nesting OFF on input line 6096.
Package hyperref Info: Hyper index ON on input line 6099.
Package hyperref Info: backreferencing OFF on input line 6106.
Package hyperref Info: Link coloring OFF on input line 6111.
Package hyperref Info: Link coloring with OCG OFF on input line 6116.
Package hyperref Info: PDF/A mode OFF on input line 6121.
\Hy@abspage=\count358
\c@Item=\count359
\c@Hfootnote=\count360
)
Package hyperref Info: Driver (autodetected): hluatex.
(/Users/theresahonein/Library/TinyTeX/texmf-dist/tex/latex/hyperref/hluatex.def
File: hluatex.def 2026-06-17 v7.01r Hyperref driver for luaTeX
\Fld@listcount=\count361
\c@bookmark@seq@number=\count362
(/Users/theresahonein/Library/TinyTeX/texmf-dist/tex/latex/rerunfilecheck/rerunfilecheck.sty
Package: rerunfilecheck 2025-06-21 v1.11 Rerun checks for auxiliary files (HO)
(/Users/theresahonein/Library/TinyTeX/texmf-dist/tex/generic/uniquecounter/uniquecounter.sty
Package: uniquecounter 2019/12/15 v1.4 Provide unlimited unique counter (HO)
)
Package uniquecounter Info: New unique counter `rerunfilecheck' on input line 284.
)
\Hy@SectionHShift=\skip81
) (/Users/theresahonein/Library/TinyTeX/texmf-dist/tex/latex/bookmark/bkm-luatex.def
File: bkm-luatex.def 2026-05-21 v1.32 bookmark driver for luaTeX (HO)
\BKM@id=\count363
)) (/Users/theresahonein/Library/TinyTeX/texmf-dist/tex/latex/caption/caption.sty
Package: caption 2023/08/05 v3.6o Customizing captions (AR)

Package tocbasic Info: Loading of class-dependent code for package caption3
(tocbasic)             prevented on line 50.

(/Users/theresahonein/Library/TinyTeX/texmf-dist/tex/latex/caption/caption3.sty
Package: caption3 2023/07/31 v2.4d caption3 kernel (AR)
\caption@tempdima=\dimen297
\captionmargin=\dimen298
\caption@leftmargin=\dimen299
\caption@rightmargin=\dimen300
\caption@width=\dimen301
\caption@indent=\dimen302
\caption@parindent=\dimen303
\caption@hangindent=\dimen304
)
\c@caption@flags=\count364
\c@continuedfloat=\count365
Package caption Info: hyperref package is loaded.
Package caption Info: longtable package is loaded.
(/Users/theresahonein/Library/TinyTeX/texmf-dist/tex/latex/caption/ltcaption.sty
Package: ltcaption 2021/01/08 v1.4c longtable captions (AR)
)) (/Users/theresahonein/Library/TinyTeX/texmf-dist/tex/latex/float/float.sty
Package: float 2001/11/08 v1.3d Float enhancements (AL)
\c@float@type=\count366
\float@exts=\toks42
\float@box=\box91
\@float@everytoks=\toks43
\@floatcapt=\box92
)
\@float@every@codelisting=\toks44
\c@codelisting=\count367
(/Users/theresahonein/Library/TinyTeX/texmf-dist/tex/latex/caption/subcaption.sty
Package: subcaption 2023/07/28 v1.6b Sub-captions (AR)
Package caption Info: New subtype `subfigure' on input line 238.
\c@subfigure=\count368
Package caption Info: New subtype `subtable' on input line 238.
\c@subtable=\count369
)
Package hyperref Info: Option `colorlinks' set `true' on input line 229.
No file index.aux.

\openout1 = index.aux
LaTeX Font Info:    Checking defaults for OML/cmm/m/it on input line 235.
LaTeX Font Info:    ... okay on input line 235.
LaTeX Font Info:    Checking defaults for OMS/cmsy/m/n on input line 235.
LaTeX Font Info:    ... okay on input line 235.
LaTeX Font Info:    Checking defaults for OT1/cmr/m/n on input line 235.
LaTeX Font Info:    ... okay on input line 235.
LaTeX Font Info:    Checking defaults for T1/cmr/m/n on input line 235.
LaTeX Font Info:    ... okay on input line 235.
LaTeX Font Info:    Checking defaults for TS1/cmr/m/n on input line 235.
LaTeX Font Info:    ... okay on input line 235.
LaTeX Font Info:    Checking defaults for TU/lmr/m/n on input line 235.
LaTeX Font Info:    ... okay on input line 235.
LaTeX Font Info:    Checking defaults for OMX/cmex/m/n on input line 235.
LaTeX Font Info:    ... okay on input line 235.
LaTeX Font Info:    Checking defaults for U/cmr/m/n on input line 235.
LaTeX Font Info:    ... okay on input line 235.
LaTeX Font Info:    Checking defaults for PD1/pdf/m/n on input line 235.
LaTeX Font Info:    ... okay on input line 235.
LaTeX Font Info:    Checking defaults for PU/pdf/m/n on input line 235.
LaTeX Font Info:    ... okay on input line 235.
Package scrbase Info: activating english \abstractname on input line 235.
Package scrbase Info: activating english \partname on input line 235.
Package scrbase Info: activating english \chaptername on input line 235.
Package scrbase Info: activating english \appendixname on input line 235.
Package scrbase Info: activating english \figurename on input line 235.
Package scrbase Info: activating english \tablename on input line 235.
Package scrbase Info: activating english \contentsname on input line 235.
Package scrbase Info: activating english \listfigurename on input line 235.
Package scrbase Info: activating english \listtablename on input line 235.
Package scrbase Info: activating english \bibname on input line 235.
Package scrbase Info: activating english \indexname on input line 235.
(/Users/theresahonein/Library/TinyTeX/texmf-dist/tex/latex/epstopdf-pkg/epstopdf-base.sty
Package: epstopdf-base 2020-01-24 v2.11 Base part for package epstopdf
Package epstopdf-base Info: Redefining graphics rule for `.eps' on input line 485.
(/Users/theresahonein/Library/TinyTeX/texmf-dist/tex/latex/latexconfig/epstopdf-sys.cfg
File: epstopdf-sys.cfg 2010/07/13 v1.3 Configuration of (r)epstopdf for TeX Live
))
LaTeX Font Info:    Overwriting math alphabet `\mathrm' in version `normal'
(Font)                  OT1/lmr/m/n --> TU/lmr/m/n on input line 235.
LaTeX Font Info:    Overwriting math alphabet `\mathit' in version `normal'
(Font)                  OT1/lmr/m/it --> TU/lmr/m/it on input line 235.
LaTeX Font Info:    Overwriting math alphabet `\mathbf' in version `normal'
(Font)                  OT1/lmr/bx/n --> TU/lmr/bx/n on input line 235.
LaTeX Font Info:    Overwriting math alphabet `\mathsf' in version `normal'
(Font)                  OT1/lmss/m/n --> TU/lmss/m/n on input line 235.
LaTeX Font Info:    Overwriting math alphabet `\mathsf' in version `bold'
(Font)                  OT1/lmss/bx/n --> TU/lmss/bx/n on input line 235.
LaTeX Font Info:    Overwriting math alphabet `\mathtt' in version `normal'
(Font)                  OT1/lmtt/m/n --> TU/lmtt/m/n on input line 235.
LaTeX Font Info:    Overwriting math alphabet `\mathtt' in version `bold'
(Font)                  OT1/lmtt/m/n --> TU/lmtt/bx/n on input line 235.

Package fontspec Info: 
(fontspec)             latinmodern-math scale = 0.9999967668407183.


Package fontspec Info: 
(fontspec)             latinmodern-math scale = 0.9999967668407183.


Package fontspec Info: 
(fontspec)             latinmodern-math scale = 0.9999967668407183.


Package fontspec Info: 
(fontspec)             Font family 'latinmodern-math.otf(0)' created for font
(fontspec)             'latinmodern-math.otf' with options
(fontspec)             [Scale=MatchLowercase,Renderer=Basic,BoldItalicFont={},ItalicFont={},SmallCapsFont={},Script=Math,RawFeature={mathfontdimen=xetex},BoldFont={latinmodern-math.otf}].
(fontspec)              
(fontspec)              This font family consists of the following NFSS
(fontspec)             series/shapes:
(fontspec)              
(fontspec)             - 'normal' (m/n) with NFSS spec.:
(fontspec)             <->s*[0.9999967668407183]"[latinmodern-math.otf]:mode=base;script=math;language=dflt;mathfontdimen=xetex;"
(fontspec)             - 'bold' (b/n) with NFSS spec.:
(fontspec)             <->s*[0.9999967668407183]"[latinmodern-math.otf]:mode=base;script=math;language=dflt;mathfontdimen=xetex;"

LaTeX Font Info:    Font shape `TU/latinmodern-math.otf(0)/m/n' will be
(Font)              scaled to size 10.95pt on input line 235.

Package fontspec Info: 
(fontspec)             latinmodern-math scale = 0.9999967668407183.


Package fontspec Info: 
(fontspec)             latinmodern-math scale = 0.9999967668407183.


Package fontspec Info: 
(fontspec)             latinmodern-math scale = 0.9999967668407183.


Package fontspec Info: 
(fontspec)             latinmodern-math scale = 0.9999967668407183.


Package fontspec Info: 
(fontspec)             latinmodern-math scale = 0.9999967668407183.


Package fontspec Info: 
(fontspec)             Font family 'latinmodern-math.otf(1)' created for font
(fontspec)             'latinmodern-math.otf' with options
(fontspec)             [Scale=MatchLowercase,Renderer=Basic,BoldItalicFont={},ItalicFont={},SmallCapsFont={},Script=Math,SizeFeatures={{Size=9.3075-},{Size=6.57-9.3075,Font=latinmodern-math.otf,Style=MathScript},{Size=-6.57,Font=latinmodern-math.otf,Style=MathScriptScript}},RawFeature={mathfontdimen=xetex},BoldFont={latinmodern-math.otf}].
(fontspec)              
(fontspec)              This font family consists of the following NFSS
(fontspec)             series/shapes:
(fontspec)              
(fontspec)             - 'normal' (m/n) with NFSS spec.:
(fontspec)             <9.3075->s*[0.9999967668407183]"[latinmodern-math.otf]:mode=base;script=math;language=dflt;mathfontdimen=xetex;"<6.57-9.3075>s*[0.9999967668407183]"[latinmodern-math.otf]:mode=base;script=math;language=dflt;mathfontdimen=xetex;+ssty=0;"<-6.57>s*[0.9999967668407183]"[latinmodern-math.otf]:mode=base;script=math;language=dflt;mathfontdimen=xetex;+ssty=1;"
(fontspec)             - 'bold' (b/n) with NFSS spec.:
(fontspec)             <->s*[0.9999967668407183]"[latinmodern-math.otf]:mode=base;script=math;language=dflt;mathfontdimen=xetex;"

LaTeX Font Info:    Font shape `TU/latinmodern-math.otf(1)/m/n' will be
(Font)              scaled to size 10.95pt on input line 235.
LaTeX Font Info:    Encoding `OT1' has changed to `TU' for symbol font
(Font)              `operators' in the math version `normal' on input line 235.
LaTeX Font Info:    Overwriting symbol font `operators' in version `normal'
(Font)                  OT1/lmr/m/n --> TU/latinmodern-math.otf(1)/m/n on input line 235.
LaTeX Font Info:    Encoding `OT1' has changed to `TU' for symbol font
(Font)              `operators' in the math version `bold' on input line 235.
LaTeX Font Info:    Overwriting symbol font `operators' in version `bold'
(Font)                  OT1/lmr/bx/n --> TU/latinmodern-math.otf(1)/b/n on input line 235.

Package fontspec Info: 
(fontspec)             latinmodern-math scale = 0.9999967668407183.


Package fontspec Info: 
(fontspec)             latinmodern-math scale = 0.9999967668407183.


Package fontspec Info: 
(fontspec)             latinmodern-math scale = 0.9999967668407183.


Package fontspec Info: 
(fontspec)             latinmodern-math scale = 0.9999967668407183.


Package fontspec Info: 
(fontspec)             latinmodern-math scale = 0.9999967668407183.


Package fontspec Info: 
(fontspec)             Font family 'latinmodern-math.otf(2)' created for font
(fontspec)             'latinmodern-math.otf' with options
(fontspec)             [Scale=MatchLowercase,Renderer=Basic,BoldItalicFont={},ItalicFont={},SmallCapsFont={},Script=Math,SizeFeatures={{Size=9.3075-},{Size=6.57-9.3075,Font=latinmodern-math.otf,Style=MathScript},{Size=-6.57,Font=latinmodern-math.otf,Style=MathScriptScript}},RawFeature={mathfontdimen=xetex},BoldFont={latinmodern-math.otf},RawFeature={mathfontdimen=tex2}].
(fontspec)              
(fontspec)              This font family consists of the following NFSS
(fontspec)             series/shapes:
(fontspec)              
(fontspec)             - 'normal' (m/n) with NFSS spec.:
(fontspec)             <9.3075->s*[0.9999967668407183]"[latinmodern-math.otf]:mode=base;script=math;language=dflt;mathfontdimen=xetex;mathfontdimen=tex2;"<6.57-9.3075>s*[0.9999967668407183]"[latinmodern-math.otf]:mode=base;script=math;language=dflt;mathfontdimen=xetex;mathfontdimen=tex2;+ssty=0;"<-6.57>s*[0.9999967668407183]"[latinmodern-math.otf]:mode=base;script=math;language=dflt;mathfontdimen=xetex;mathfontdimen=tex2;+ssty=1;"
(fontspec)             - 'bold' (b/n) with NFSS spec.:
(fontspec)             <->s*[0.9999967668407183]"[latinmodern-math.otf]:mode=base;script=math;language=dflt;mathfontdimen=xetex;mathfontdimen=tex2;"

LaTeX Font Info:    Encoding `OMS' has changed to `TU' for symbol font
(Font)              `symbols' in the math version `normal' on input line 235.
LaTeX Font Info:    Overwriting symbol font `symbols' in version `normal'
(Font)                  OMS/lmsy/m/n --> TU/latinmodern-math.otf(2)/m/n on input line 235.
LaTeX Font Info:    Encoding `OMS' has changed to `TU' for symbol font
(Font)              `symbols' in the math version `bold' on input line 235.
LaTeX Font Info:    Overwriting symbol font `symbols' in version `bold'
(Font)                  OMS/lmsy/b/n --> TU/latinmodern-math.otf(2)/b/n on input line 235.

Package fontspec Info: 
(fontspec)             latinmodern-math scale = 0.9999967668407183.


Package fontspec Info: 
(fontspec)             latinmodern-math scale = 0.9999967668407183.


Package fontspec Info: 
(fontspec)             latinmodern-math scale = 0.9999967668407183.


Package fontspec Info: 
(fontspec)             latinmodern-math scale = 0.9999967668407183.


Package fontspec Info: 
(fontspec)             latinmodern-math scale = 0.9999967668407183.


Package fontspec Info: 
(fontspec)             Font family 'latinmodern-math.otf(3)' created for font
(fontspec)             'latinmodern-math.otf' with options
(fontspec)             [Scale=MatchLowercase,Renderer=Basic,BoldItalicFont={},ItalicFont={},SmallCapsFont={},Script=Math,SizeFeatures={{Size=9.3075-},{Size=6.57-9.3075,Font=latinmodern-math.otf,Style=MathScript},{Size=-6.57,Font=latinmodern-math.otf,Style=MathScriptScript}},RawFeature={mathfontdimen=xetex},BoldFont={latinmodern-math.otf},RawFeature={mathfontdimen=tex3}].
(fontspec)              
(fontspec)              This font family consists of the following NFSS
(fontspec)             series/shapes:
(fontspec)              
(fontspec)             - 'normal' (m/n) with NFSS spec.:
(fontspec)             <9.3075->s*[0.9999967668407183]"[latinmodern-math.otf]:mode=base;script=math;language=dflt;mathfontdimen=xetex;mathfontdimen=tex3;"<6.57-9.3075>s*[0.9999967668407183]"[latinmodern-math.otf]:mode=base;script=math;language=dflt;mathfontdimen=xetex;mathfontdimen=tex3;+ssty=0;"<-6.57>s*[0.9999967668407183]"[latinmodern-math.otf]:mode=base;script=math;language=dflt;mathfontdimen=xetex;mathfontdimen=tex3;+ssty=1;"
(fontspec)             - 'bold' (b/n) with NFSS spec.:
(fontspec)             <->s*[0.9999967668407183]"[latinmodern-math.otf]:mode=base;script=math;language=dflt;mathfontdimen=xetex;mathfontdimen=tex3;"

LaTeX Font Info:    Encoding `OMX' has changed to `TU' for symbol font
(Font)              `largesymbols' in the math version `normal' on input line 235.
LaTeX Font Info:    Overwriting symbol font `largesymbols' in version `normal'
(Font)                  OMX/lmex/m/n --> TU/latinmodern-math.otf(3)/m/n on input line 235.
LaTeX Font Info:    Encoding `OMX' has changed to `TU' for symbol font
(Font)              `largesymbols' in the math version `bold' on input line 235.
LaTeX Font Info:    Overwriting symbol font `largesymbols' in version `bold'
(Font)                  OMX/lmex/m/n --> TU/latinmodern-math.otf(3)/b/n on input line 235.
LaTeX Font Info:    Font shape `TU/latinmodern-math.otf(1)/m/n' will be
(Font)              scaled to size 7.665pt on input line 235.
LaTeX Font Info:    Font shape `TU/latinmodern-math.otf(1)/m/n' will be
(Font)              scaled to size 5.475pt on input line 235.
LaTeX Font Info:    Trying to load font information for OML+lmm on input line 235.
(/Users/theresahonein/Library/TinyTeX/texmf-dist/tex/latex/lm/omllmm.fd
File: omllmm.fd 2015/05/01 v1.6.1 Font defs for Latin Modern
)
LaTeX Font Info:    Font shape `TU/latinmodern-math.otf(2)/m/n' will be
(Font)              scaled to size 10.95pt on input line 235.
LaTeX Font Info:    Font shape `TU/latinmodern-math.otf(2)/m/n' will be
(Font)              scaled to size 7.665pt on input line 235.
LaTeX Font Info:    Font shape `TU/latinmodern-math.otf(2)/m/n' will be
(Font)              scaled to size 5.475pt on input line 235.
LaTeX Font Info:    Font shape `TU/latinmodern-math.otf(3)/m/n' will be
(Font)              scaled to size 10.95pt on input line 235.
LaTeX Font Info:    Font shape `TU/latinmodern-math.otf(3)/m/n' will be
(Font)              scaled to size 7.665pt on input line 235.
LaTeX Font Info:    Font shape `TU/latinmodern-math.otf(3)/m/n' will be
(Font)              scaled to size 5.475pt on input line 235.
LaTeX Font Info:    Trying to load font information for U+msa on input line 235.
(/Users/theresahonein/Library/TinyTeX/texmf-dist/tex/latex/amsfonts/umsa.fd
File: umsa.fd 2013/01/14 v3.01 AMS symbols A
)
LaTeX Font Info:    Trying to load font information for U+msb on input line 235.
(/Users/theresahonein/Library/TinyTeX/texmf-dist/tex/latex/amsfonts/umsb.fd
File: umsb.fd 2013/01/14 v3.01 AMS symbols B
)
LaTeX Info: Redefining \microtypecontext on input line 235.
Package microtype Info: Applying patch `item' on input line 235.
Package microtype Info: Applying patch `toc' on input line 235.
Package microtype Info: Applying patch `eqnum' on input line 235.
Package microtype Info: Applying patch `footnote' on input line 235.
Package microtype Info: Applying patch `verbatim' on input line 235.
LaTeX Info: Redefining \microtypesetup on input line 235.
Package microtype Info: Generating PDF output.
Package microtype Info: Character protrusion enabled (level 2).
Package microtype Info: Using protrusion set `basicmath'.
Package microtype Info: Automatic font expansion enabled (level 2),
(microtype)             stretch: 20, shrink: 20, step: 1, non-selected.
Package microtype Info: Using default expansion set `alltext-nott'.
Package microtype Info: Patching command `\showhyphens'.
Package microtype Info: No adjustment of tracking.
Package microtype Info: No adjustment of spacing.
Package microtype Info: No adjustment of kerning.
(/Users/theresahonein/Library/TinyTeX/texmf-dist/tex/latex/microtype/mt-LatinModernRoman.cfg
File: mt-LatinModernRoman.cfg 2026/02/26 v1.2 microtype config. file: Latin Modern Roman (RS)
)
Package hyperref Info: Link coloring ON on input line 235.
Package caption Info: Begin \AtBeginDocument code.
Package caption Info: float package is loaded.
Package caption Info: End \AtBeginDocument code.
\g__cctab_next_cctab=\catcodetable17
Package microtype Info: Loading generic protrusion settings for font family
(microtype)             `lmss' (encoding: TU).
(microtype)             For optimal results, create family-specific settings.
(microtype)             See the microtype manual for details.
[1



{/Users/theresahonein/Library/TinyTeX/texmf-var/fonts/map/pdftex/updmap/pdftex.map}]
Package tocbasic Info: character protrusion at toc deactivated on input line 241.
No file index.toc.
\tf@toc=\write4

\openout4 = index.toc
[2

] [3

]
part I.
Package scrkbase Info: You've told me to use the font selection of the element
(scrkbase)             `partprefix' that is an alias of element `partnumber'
(scrkbase)              on input line 280.
[4

]
chapter 1.
[5

]
chapter 2.
<preliminaries/../figures/units/units_table.png, id=41, 758.835pt x 223.83624pt>
File: preliminaries/../figures/units/units_table.png Graphic file (type png)
<use preliminaries/../figures/units/units_table.png>
Package luatex.def Info: preliminaries/../figures/units/units_table.png  used on input line 346.
(luatex.def)             Requested size: 223.37965pt x 65.89108pt.
(/Users/theresahonein/Library/TinyTeX/texmf-dist/tex/latex/microtype/mt-TU-empty.cfg
File: mt-TU-empty.cfg 2021/06/22 v1.1 microtype config. file: fonts with nonstandard glyph set (RS)
) [6

<./preliminaries/../figures/units/units_table.png>]
<preliminaries/../figures/note_on_units/01-002.png, id=53, 1074.0125pt x 572.1375pt>
File: preliminaries/../figures/note_on_units/01-002.png Graphic file (type png)
<use preliminaries/../figures/note_on_units/01-002.png>
Package luatex.def Info: preliminaries/../figures/note_on_units/01-002.png  used on input line 394.
(luatex.def)             Requested size: 223.36966pt x 118.9913pt.
[7<./preliminaries/../figures/note_on_units/01-002.png>]
chapter 3.
<preliminaries/../figures/free_body_diagrams/fbd1.png, id=63, 786.94pt x 920.43875pt>
File: preliminaries/../figures/free_body_diagrams/fbd1.png Graphic file (type png)
<use preliminaries/../figures/free_body_diagrams/fbd1.png>
Package luatex.def Info: preliminaries/../figures/free_body_diagrams/fbd1.png  used on input line 413.
(luatex.def)             Requested size: 357.39784pt x 418.02783pt.
<preliminaries/../figures/free_body_diagrams/fbd2.png, id=64, 773.89125pt x 473.77pt>
File: preliminaries/../figures/free_body_diagrams/fbd2.png Graphic file (type png)
<use preliminaries/../figures/free_body_diagrams/fbd2.png>
Package luatex.def Info: preliminaries/../figures/free_body_diagrams/fbd2.png  used on input line 415.
(luatex.def)             Requested size: 357.41133pt x 218.80434pt.
[8

<./preliminaries/../figures/free_body_diagrams/fbd1.png>] [9<./preliminaries/../figures/free_body_diagrams/fbd2.png>]
<preliminaries/../figures/free_body_diagrams/problems/p1_setup.png, id=76, 803.0pt x 460.72125pt>
File: preliminaries/../figures/free_body_diagrams/problems/p1_setup.png Graphic file (type png)
<use preliminaries/../figures/free_body_diagrams/problems/p1_setup.png>
Package luatex.def Info: preliminaries/../figures/free_body_diagrams/problems/p1_setup.png  used on input line 457.
(luatex.def)             Requested size: 223.38039pt x 128.16449pt.
<preliminaries/../figures/free_body_diagrams/problems/p1_fbd.png, id=77, 818.05624pt x 460.72125pt>
File: preliminaries/../figures/free_body_diagrams/problems/p1_fbd.png Graphic file (type png)
<use preliminaries/../figures/free_body_diagrams/problems/p1_fbd.png>
Package luatex.def Info: preliminaries/../figures/free_body_diagrams/problems/p1_fbd.png  used on input line 461.
(luatex.def)             Requested size: 210.71736pt x 118.67395pt.
<preliminaries/../figures/free_body_diagrams/problems/p2_setup.png, id=78, 803.0pt x 466.74374pt>
File: preliminaries/../figures/free_body_diagrams/problems/p2_setup.png Graphic file (type png)
<use preliminaries/../figures/free_body_diagrams/problems/p2_setup.png>
Package luatex.def Info: preliminaries/../figures/free_body_diagrams/problems/p2_setup.png  used on input line 467.
(luatex.def)             Requested size: 223.38039pt x 129.83984pt.
<preliminaries/../figures/free_body_diagrams/problems/p2_fbd.png, id=79, 818.05624pt x 466.74374pt>
File: preliminaries/../figures/free_body_diagrams/problems/p2_fbd.png Graphic file (type png)
<use preliminaries/../figures/free_body_diagrams/problems/p2_fbd.png>
Package luatex.def Info: preliminaries/../figures/free_body_diagrams/problems/p2_fbd.png  used on input line 471.
(luatex.def)             Requested size: 210.71736pt x 120.22523pt.
[10<./preliminaries/../figures/free_body_diagrams/problems/p1_setup.png><./preliminaries/../figures/free_body_diagrams/problems/p1_fbd.png><./preliminaries/../figures/free_body_diagrams/problems/p2_setup.png>]
<preliminaries/../figures/free_body_diagrams/problems/p3_setup.png, id=85, 803.0pt x 504.88625pt>
File: preliminaries/../figures/free_body_diagrams/problems/p3_setup.png Graphic file (type png)
<use preliminaries/../figures/free_body_diagrams/problems/p3_setup.png>
Package luatex.def Info: preliminaries/../figures/free_body_diagrams/problems/p3_setup.png  used on input line 477.
(luatex.def)             Requested size: 223.38039pt x 140.45041pt.
<preliminaries/../figures/free_body_diagrams/problems/p3_fbd.png, id=86, 818.05624pt x 504.88625pt>
File: preliminaries/../figures/free_body_diagrams/problems/p3_fbd.png Graphic file (type png)
<use preliminaries/../figures/free_body_diagrams/problems/p3_fbd.png>
Package luatex.def Info: preliminaries/../figures/free_body_diagrams/problems/p3_fbd.png  used on input line 481.
(luatex.def)             Requested size: 210.71736pt x 130.0501pt.
<preliminaries/../figures/free_body_diagrams/problems/p4_setup.png, id=87, 803.0pt x 745.78625pt>
File: preliminaries/../figures/free_body_diagrams/problems/p4_setup.png Graphic file (type png)
<use preliminaries/../figures/free_body_diagrams/problems/p4_setup.png>
Package luatex.def Info: preliminaries/../figures/free_body_diagrams/problems/p4_setup.png  used on input line 487.
(luatex.def)             Requested size: 223.38039pt x 207.46454pt.
<preliminaries/../figures/free_body_diagrams/problems/p4_fbd.png, id=88, 818.05624pt x 745.78625pt>
File: preliminaries/../figures/free_body_diagrams/problems/p4_fbd.png Graphic file (type png)
<use preliminaries/../figures/free_body_diagrams/problems/p4_fbd.png>
Package luatex.def Info: preliminaries/../figures/free_body_diagrams/problems/p4_fbd.png  used on input line 491.
(luatex.def)             Requested size: 210.71736pt x 192.10185pt.
[11<./preliminaries/../figures/free_body_diagrams/problems/p2_fbd.png><./preliminaries/../figures/free_body_diagrams/problems/p3_setup.png><./preliminaries/../figures/free_body_diagrams/problems/p3_fbd.png>]
<preliminaries/../figures/free_body_diagrams/problems/p5_setup.png, id=94, 803.0pt x 418.56375pt>
File: preliminaries/../figures/free_body_diagrams/problems/p5_setup.png Graphic file (type png)
<use preliminaries/../figures/free_body_diagrams/problems/p5_setup.png>
Package luatex.def Info: preliminaries/../figures/free_body_diagrams/problems/p5_setup.png  used on input line 497.
(luatex.def)             Requested size: 223.38039pt x 116.43701pt.
<preliminaries/../figures/free_body_diagrams/problems/p5_fbd.png, id=95, 818.05624pt x 418.56375pt>
File: preliminaries/../figures/free_body_diagrams/problems/p5_fbd.png Graphic file (type png)
<use preliminaries/../figures/free_body_diagrams/problems/p5_fbd.png>
Package luatex.def Info: preliminaries/../figures/free_body_diagrams/problems/p5_fbd.png  used on input line 501.
(luatex.def)             Requested size: 210.71736pt x 107.8149pt.
[12<./preliminaries/../figures/free_body_diagrams/problems/p4_setup.png><./preliminaries/../figures/free_body_diagrams/problems/p4_fbd.png>]
<preliminaries/../figures/free_body_diagrams/problems/p6_setup.png, id=100, 803.0pt x 614.295pt>
File: preliminaries/../figures/free_body_diagrams/problems/p6_setup.png Graphic file (type png)
<use preliminaries/../figures/free_body_diagrams/problems/p6_setup.png>
Package luatex.def Info: preliminaries/../figures/free_body_diagrams/problems/p6_setup.png  used on input line 507.
(luatex.def)             Requested size: 223.38039pt x 170.88599pt.
<preliminaries/../figures/free_body_diagrams/problems/p6_fbd.png, id=101, 818.05624pt x 614.295pt>
File: preliminaries/../figures/free_body_diagrams/problems/p6_fbd.png Graphic file (type png)
<use preliminaries/../figures/free_body_diagrams/problems/p6_fbd.png>
Package luatex.def Info: preliminaries/../figures/free_body_diagrams/problems/p6_fbd.png  used on input line 511.
(luatex.def)             Requested size: 210.71736pt x 158.23193pt.
[13<./preliminaries/../figures/free_body_diagrams/problems/p5_setup.png><./preliminaries/../figures/free_body_diagrams/problems/p5_fbd.png><./preliminaries/../figures/free_body_diagrams/problems/p6_setup.png>]
<preliminaries/../figures/free_body_diagrams/problems/p7_setup.png, id=106, 803.0pt x 393.47pt>
File: preliminaries/../figures/free_body_diagrams/problems/p7_setup.png Graphic file (type png)
<use preliminaries/../figures/free_body_diagrams/problems/p7_setup.png>
Package luatex.def Info: preliminaries/../figures/free_body_diagrams/problems/p7_setup.png  used on input line 517.
(luatex.def)             Requested size: 223.38039pt x 109.45638pt.
<preliminaries/../figures/free_body_diagrams/problems/p7_fbd.png, id=107, 818.05624pt x 393.47pt>
File: preliminaries/../figures/free_body_diagrams/problems/p7_fbd.png Graphic file (type png)
<use preliminaries/../figures/free_body_diagrams/problems/p7_fbd.png>
Package luatex.def Info: preliminaries/../figures/free_body_diagrams/problems/p7_fbd.png  used on input line 521.
(luatex.def)             Requested size: 210.71736pt x 101.35117pt.
<preliminaries/../figures/free_body_diagrams/problems/p8_setup.png, id=108, 803.0pt x 513.92pt>
File: preliminaries/../figures/free_body_diagrams/problems/p8_setup.png Graphic file (type png)
<use preliminaries/../figures/free_body_diagrams/problems/p8_setup.png>
Package luatex.def Info: preliminaries/../figures/free_body_diagrams/problems/p8_setup.png  used on input line 527.
(luatex.def)             Requested size: 223.38039pt x 142.96344pt.
<preliminaries/../figures/free_body_diagrams/problems/p8_fbd.png, id=109, 818.05624pt x 513.92pt>
File: preliminaries/../figures/free_body_diagrams/problems/p8_fbd.png Graphic file (type png)
<use preliminaries/../figures/free_body_diagrams/problems/p8_fbd.png>
Package luatex.def Info: preliminaries/../figures/free_body_diagrams/problems/p8_fbd.png  used on input line 531.
(luatex.def)             Requested size: 210.71736pt x 132.37704pt.
[14<./preliminaries/../figures/free_body_diagrams/problems/p6_fbd.png><./preliminaries/../figures/free_body_diagrams/problems/p7_setup.png><./preliminaries/../figures/free_body_diagrams/problems/p7_fbd.png>]
<preliminaries/../figures/free_body_diagrams/problems/p9_setup.png, id=114, 803.0pt x 586.19pt>
File: preliminaries/../figures/free_body_diagrams/problems/p9_setup.png Graphic file (type png)
<use preliminaries/../figures/free_body_diagrams/problems/p9_setup.png>
Package luatex.def Info: preliminaries/../figures/free_body_diagrams/problems/p9_setup.png  used on input line 538.
(luatex.def)             Requested size: 223.38039pt x 163.06767pt.
<preliminaries/../figures/free_body_diagrams/problems/p9_fbd.png, id=115, 818.05624pt x 586.19pt>
File: preliminaries/../figures/free_body_diagrams/problems/p9_fbd.png Graphic file (type png)
<use preliminaries/../figures/free_body_diagrams/problems/p9_fbd.png>
Package luatex.def Info: preliminaries/../figures/free_body_diagrams/problems/p9_fbd.png  used on input line 542.
(luatex.def)             Requested size: 210.71736pt x 150.99257pt.
[15<./preliminaries/../figures/free_body_diagrams/problems/p8_setup.png><./preliminaries/../figures/free_body_diagrams/problems/p8_fbd.png><./preliminaries/../figures/free_body_diagrams/problems/p9_setup.png>]
<preliminaries/../figures/free_body_diagrams/problems/p10_setup.png, id=120, 803.0pt x 584.1825pt>
File: preliminaries/../figures/free_body_diagrams/problems/p10_setup.png Graphic file (type png)
<use preliminaries/../figures/free_body_diagrams/problems/p10_setup.png>
Package luatex.def Info: preliminaries/../figures/free_body_diagrams/problems/p10_setup.png  used on input line 550.
(luatex.def)             Requested size: 223.38039pt x 162.50922pt.
<preliminaries/../figures/free_body_diagrams/problems/p10_fbd.png, id=121, 818.05624pt x 584.1825pt>
File: preliminaries/../figures/free_body_diagrams/problems/p10_fbd.png Graphic file (type png)
<use preliminaries/../figures/free_body_diagrams/problems/p10_fbd.png>
Package luatex.def Info: preliminaries/../figures/free_body_diagrams/problems/p10_fbd.png  used on input line 554.
(luatex.def)             Requested size: 210.71736pt x 150.47546pt.
[16<./preliminaries/../figures/free_body_diagrams/problems/p9_fbd.png><./preliminaries/../figures/free_body_diagrams/problems/p10_setup.png>]
<preliminaries/../figures/free_body_diagrams/problems/p11_setup.png, id=126, 803.0pt x 722.7pt>
File: preliminaries/../figures/free_body_diagrams/problems/p11_setup.png Graphic file (type png)
<use preliminaries/../figures/free_body_diagrams/problems/p11_setup.png>
Package luatex.def Info: preliminaries/../figures/free_body_diagrams/problems/p11_setup.png  used on input line 560.
(luatex.def)             Requested size: 223.38039pt x 201.04234pt.
<preliminaries/../figures/free_body_diagrams/problems/p11_fbd.png, id=127, 818.05624pt x 722.7pt>
File: preliminaries/../figures/free_body_diagrams/problems/p11_fbd.png Graphic file (type png)
<use preliminaries/../figures/free_body_diagrams/problems/p11_fbd.png>
Package luatex.def Info: preliminaries/../figures/free_body_diagrams/problems/p11_fbd.png  used on input line 564.
(luatex.def)             Requested size: 210.71736pt x 186.15521pt.
[17<./preliminaries/../figures/free_body_diagrams/problems/p10_fbd.png><./preliminaries/../figures/free_body_diagrams/problems/p11_setup.png>]
<preliminaries/../figures/free_body_diagrams/problems/p12_setup.png, id=132, 803.0pt x 867.24pt>
File: preliminaries/../figures/free_body_diagrams/problems/p12_setup.png Graphic file (type png)
<use preliminaries/../figures/free_body_diagrams/problems/p12_setup.png>
Package luatex.def Info: preliminaries/../figures/free_body_diagrams/problems/p12_setup.png  used on input line 570.
(luatex.def)             Requested size: 223.38039pt x 241.25082pt.
<preliminaries/../figures/free_body_diagrams/problems/p12_fbd.png, id=133, 818.05624pt x 867.24pt>
File: preliminaries/../figures/free_body_diagrams/problems/p12_fbd.png Graphic file (type png)
<use preliminaries/../figures/free_body_diagrams/problems/p12_fbd.png>
Package luatex.def Info: preliminaries/../figures/free_body_diagrams/problems/p12_fbd.png  used on input line 574.
(luatex.def)             Requested size: 210.71736pt x 223.38626pt.
[18<./preliminaries/../figures/free_body_diagrams/problems/p11_fbd.png><./preliminaries/../figures/free_body_diagrams/problems/p12_setup.png>]
<preliminaries/../figures/free_body_diagrams/problems/p13_setup.png, id=138, 803.0pt x 1324.95pt>
File: preliminaries/../figures/free_body_diagrams/problems/p13_setup.png Graphic file (type png)
<use preliminaries/../figures/free_body_diagrams/problems/p13_setup.png>
Package luatex.def Info: preliminaries/../figures/free_body_diagrams/problems/p13_setup.png  used on input line 580.
(luatex.def)             Requested size: 223.38039pt x 368.57764pt.
<preliminaries/../figures/free_body_diagrams/problems/p13_fbd.png, id=139, 818.05624pt x 1324.95pt>
File: preliminaries/../figures/free_body_diagrams/problems/p13_fbd.png Graphic file (type png)
<use preliminaries/../figures/free_body_diagrams/problems/p13_fbd.png>
Package luatex.def Info: preliminaries/../figures/free_body_diagrams/problems/p13_fbd.png  used on input line 584.
(luatex.def)             Requested size: 210.71736pt x 341.28458pt.
[19<./preliminaries/../figures/free_body_diagrams/problems/p12_fbd.png>] [20<./preliminaries/../figures/free_body_diagrams/problems/p13_setup.png>]
<preliminaries/../figures/free_body_diagrams/problems/p14_setup.png, id=148, 803.0pt x 537.00626pt>
File: preliminaries/../figures/free_body_diagrams/problems/p14_setup.png Graphic file (type png)
<use preliminaries/../figures/free_body_diagrams/problems/p14_setup.png>
Package luatex.def Info: preliminaries/../figures/free_body_diagrams/problems/p14_setup.png  used on input line 590.
(luatex.def)             Requested size: 223.38039pt x 149.38564pt.
<preliminaries/../figures/free_body_diagrams/problems/p14_fbd.png, id=149, 818.05624pt x 537.00626pt>
File: preliminaries/../figures/free_body_diagrams/problems/p14_fbd.png Graphic file (type png)
<use preliminaries/../figures/free_body_diagrams/problems/p14_fbd.png>
Package luatex.def Info: preliminaries/../figures/free_body_diagrams/problems/p14_fbd.png  used on input line 594.
(luatex.def)             Requested size: 210.71736pt x 138.32367pt.
[21<./preliminaries/../figures/free_body_diagrams/problems/p13_fbd.png><./preliminaries/../figures/free_body_diagrams/problems/p14_setup.png>] [22<./preliminaries/../figures/free_body_diagrams/problems/p14_fbd.png>]
chapter 4.
<preliminaries/vector_calculus_files/figure-pdf/unnamed-chunk-1-1.pdf, id=159, 142.5325pt x 25.09375pt>
File: preliminaries/vector_calculus_files/figure-pdf/unnamed-chunk-1-1.pdf Graphic file (type pdf)
<use preliminaries/vector_calculus_files/figure-pdf/unnamed-chunk-1-1.pdf>
Package luatex.def Info: preliminaries/vector_calculus_files/figure-pdf/unnamed-chunk-1-1.pdf  used on input line 635.
(luatex.def)             Requested size: 142.53214pt x 25.09367pt.
<preliminaries/vector_calculus_files/figure-pdf/unnamed-chunk-2-1.pdf, id=160, 155.58125pt x 97.36375pt>
File: preliminaries/vector_calculus_files/figure-pdf/unnamed-chunk-2-1.pdf Graphic file (type pdf)
<use preliminaries/vector_calculus_files/figure-pdf/unnamed-chunk-2-1.pdf>
Package luatex.def Info: preliminaries/vector_calculus_files/figure-pdf/unnamed-chunk-2-1.pdf  used on input line 653.
(luatex.def)             Requested size: 155.58086pt x 97.3635pt.
<preliminaries/vector_calculus_files/figure-pdf/unnamed-chunk-3-1.pdf, id=161, 155.58125pt x 97.36375pt>
File: preliminaries/vector_calculus_files/figure-pdf/unnamed-chunk-3-1.pdf Graphic file (type pdf)
<use preliminaries/vector_calculus_files/figure-pdf/unnamed-chunk-3-1.pdf>
Package luatex.def Info: preliminaries/vector_calculus_files/figure-pdf/unnamed-chunk-3-1.pdf  used on input line 661.
(luatex.def)             Requested size: 155.58086pt x 97.3635pt.
LaTeX Font Info:    Font shape `TU/latinmodern-math.otf(1)/m/n' will be
(Font)              scaled to size 10.0pt on input line 664.
LaTeX Font Info:    Font shape `TU/latinmodern-math.otf(1)/m/n' will be
(Font)              scaled to size 7.0pt on input line 664.
LaTeX Font Info:    Font shape `TU/latinmodern-math.otf(1)/m/n' will be
(Font)              scaled to size 5.0pt on input line 664.
LaTeX Font Info:    Font shape `TU/latinmodern-math.otf(2)/m/n' will be
(Font)              scaled to size 10.0pt on input line 664.
LaTeX Font Info:    Font shape `TU/latinmodern-math.otf(2)/m/n' will be
(Font)              scaled to size 7.0pt on input line 664.
LaTeX Font Info:    Font shape `TU/latinmodern-math.otf(2)/m/n' will be
(Font)              scaled to size 5.0pt on input line 664.
LaTeX Font Info:    Font shape `TU/latinmodern-math.otf(3)/m/n' will be
(Font)              scaled to size 10.0pt on input line 664.
LaTeX Font Info:    Font shape `TU/latinmodern-math.otf(3)/m/n' will be
(Font)              scaled to size 7.0pt on input line 664.
LaTeX Font Info:    Font shape `TU/latinmodern-math.otf(3)/m/n' will be
(Font)              scaled to size 5.0pt on input line 664.
(/Users/theresahonein/Library/TinyTeX/texmf-dist/tex/latex/microtype/mt-msa.cfg
File: mt-msa.cfg 2006/02/04 v1.1 microtype config. file: AMS symbols (a) (RS)
) (/Users/theresahonein/Library/TinyTeX/texmf-dist/tex/latex/microtype/mt-msb.cfg
File: mt-msb.cfg 2005/06/01 v1.0 microtype config. file: AMS symbols (b) (RS)
) [23

<./preliminaries/vector_calculus_files/figure-pdf/unnamed-chunk-1-1.pdf>]
<preliminaries/vector_calculus_files/figure-pdf/unnamed-chunk-4-1.pdf, id=209, 88.33pt x 52.195pt>
File: preliminaries/vector_calculus_files/figure-pdf/unnamed-chunk-4-1.pdf Graphic file (type pdf)
<use preliminaries/vector_calculus_files/figure-pdf/unnamed-chunk-4-1.pdf>
Package luatex.def Info: preliminaries/vector_calculus_files/figure-pdf/unnamed-chunk-4-1.pdf  used on input line 676.
(luatex.def)             Requested size: 88.32977pt x 52.19487pt.
[24<./preliminaries/vector_calculus_files/figure-pdf/unnamed-chunk-2-1.pdf><./preliminaries/vector_calculus_files/figure-pdf/unnamed-chunk-3-1.pdf><./preliminaries/vector_calculus_files/figure-pdf/unnamed-chunk-4-1.pdf>]
<preliminaries/vector_calculus_files/figure-pdf/unnamed-chunk-5-1.pdf, id=295, 118.4425pt x 97.36375pt>
File: preliminaries/vector_calculus_files/figure-pdf/unnamed-chunk-5-1.pdf Graphic file (type pdf)
<use preliminaries/vector_calculus_files/figure-pdf/unnamed-chunk-5-1.pdf>
Package luatex.def Info: preliminaries/vector_calculus_files/figure-pdf/unnamed-chunk-5-1.pdf  used on input line 717.
(luatex.def)             Requested size: 118.4422pt x 97.3635pt.
[25<./preliminaries/vector_calculus_files/figure-pdf/unnamed-chunk-5-1.pdf>]
<preliminaries/../figures/vector_calculus/cartesian_projection.PNG, id=326, 513.117pt x 249.93375pt>
File: preliminaries/../figures/vector_calculus/cartesian_projection.PNG Graphic file (type png)
<use preliminaries/../figures/vector_calculus/cartesian_projection.PNG>
Package luatex.def Info: preliminaries/../figures/vector_calculus/cartesian_projection.PNG  used on input line 791.
(luatex.def)             Requested size: 223.37634pt x 108.8042pt.
[26<./preliminaries/../figures/vector_calculus/cartesian_projection.PNG>]
<preliminaries/vector_calculus_files/figure-pdf/unnamed-chunk-6-1.pdf, id=335, 142.5325pt x 73.27374pt>
File: preliminaries/vector_calculus_files/figure-pdf/unnamed-chunk-6-1.pdf Graphic file (type pdf)
<use preliminaries/vector_calculus_files/figure-pdf/unnamed-chunk-6-1.pdf>
Package luatex.def Info: preliminaries/vector_calculus_files/figure-pdf/unnamed-chunk-6-1.pdf  used on input line 854.
(luatex.def)             Requested size: 142.53214pt x 73.27354pt.
[27]
<preliminaries/vector_calculus_files/figure-pdf/unnamed-chunk-7-1.pdf, id=352, 225.84375pt x 104.39pt>
File: preliminaries/vector_calculus_files/figure-pdf/unnamed-chunk-7-1.pdf Graphic file (type pdf)
<use preliminaries/vector_calculus_files/figure-pdf/unnamed-chunk-7-1.pdf>
Package luatex.def Info: preliminaries/vector_calculus_files/figure-pdf/unnamed-chunk-7-1.pdf  used on input line 876.
(luatex.def)             Requested size: 225.84319pt x 104.38972pt.
<preliminaries/vector_calculus_files/figure-pdf/unnamed-chunk-8-1.pdf, id=353, 171.64125pt x 171.64125pt>
File: preliminaries/vector_calculus_files/figure-pdf/unnamed-chunk-8-1.pdf Graphic file (type pdf)
<use preliminaries/vector_calculus_files/figure-pdf/unnamed-chunk-8-1.pdf>
Package luatex.def Info: preliminaries/vector_calculus_files/figure-pdf/unnamed-chunk-8-1.pdf  used on input line 883.
(luatex.def)             Requested size: 171.64081pt x 171.64081pt.
[28<./preliminaries/vector_calculus_files/figure-pdf/unnamed-chunk-6-1.pdf><./preliminaries/vector_calculus_files/figure-pdf/unnamed-chunk-7-1.pdf>]
<preliminaries/vector_calculus_files/figure-pdf/unnamed-chunk-9-1.pdf, id=401, 375.4025pt x 314.17375pt>
File: preliminaries/vector_calculus_files/figure-pdf/unnamed-chunk-9-1.pdf Graphic file (type pdf)
<use preliminaries/vector_calculus_files/figure-pdf/unnamed-chunk-9-1.pdf>
Package luatex.def Info: preliminaries/vector_calculus_files/figure-pdf/unnamed-chunk-9-1.pdf  used on input line 902.
(luatex.def)             Requested size: 375.40158pt x 314.17297pt.
[29<./preliminaries/vector_calculus_files/figure-pdf/unnamed-chunk-8-1.pdf>] [30<./preliminaries/vector_calculus_files/figure-pdf/unnamed-chunk-9-1.pdf>]
chapter 5.
[31

] [32] [33]
chapter 6.
[34

]
chapter 7.
<preliminaries/continuum_mechanics_perspective_files/figure-pdf/unnamed-chunk-1-1.pdf, id=502, 266.9975pt x 165.61874pt>
File: preliminaries/continuum_mechanics_perspective_files/figure-pdf/unnamed-chunk-1-1.pdf Graphic file (type pdf)
<use preliminaries/continuum_mechanics_perspective_files/figure-pdf/unnamed-chunk-1-1.pdf>
Package luatex.def Info: preliminaries/continuum_mechanics_perspective_files/figure-pdf/unnamed-chunk-1-1.pdf  used on input line 1076.
(luatex.def)             Requested size: 266.99683pt x 165.61833pt.
<preliminaries/continuum_mechanics_perspective_files/figure-pdf/unnamed-chunk-2-1.pdf, id=503, 384.43625pt x 192.72pt>
File: preliminaries/continuum_mechanics_perspective_files/figure-pdf/unnamed-chunk-2-1.pdf Graphic file (type pdf)
<use preliminaries/continuum_mechanics_perspective_files/figure-pdf/unnamed-chunk-2-1.pdf>
Package luatex.def Info: preliminaries/continuum_mechanics_perspective_files/figure-pdf/unnamed-chunk-2-1.pdf  used on input line 1104.
(luatex.def)             Requested size: 384.4353pt x 192.71951pt.
[35

<./preliminaries/continuum_mechanics_perspective_files/figure-pdf/unnamed-chunk-1-1.pdf>]
LaTeX Font Info:    Font shape `TU/latinmodern-math.otf(1)/b/n' will be
(Font)              scaled to size 10.95pt on input line 1113.
LaTeX Font Info:    Font shape `TU/latinmodern-math.otf(1)/b/n' will be
(Font)              scaled to size 7.665pt on input line 1113.
LaTeX Font Info:    Font shape `TU/latinmodern-math.otf(1)/b/n' will be
(Font)              scaled to size 5.475pt on input line 1113.
LaTeX Font Info:    Font shape `TU/latinmodern-math.otf(2)/b/n' will be
(Font)              scaled to size 10.95pt on input line 1113.
LaTeX Font Info:    Font shape `TU/latinmodern-math.otf(2)/b/n' will be
(Font)              scaled to size 7.665pt on input line 1113.
LaTeX Font Info:    Font shape `TU/latinmodern-math.otf(2)/b/n' will be
(Font)              scaled to size 5.475pt on input line 1113.
LaTeX Font Info:    Font shape `TU/latinmodern-math.otf(3)/b/n' will be
(Font)              scaled to size 10.95pt on input line 1113.
LaTeX Font Info:    Font shape `TU/latinmodern-math.otf(3)/b/n' will be
(Font)              scaled to size 7.665pt on input line 1113.
LaTeX Font Info:    Font shape `TU/latinmodern-math.otf(3)/b/n' will be
(Font)              scaled to size 5.475pt on input line 1113.
[36<./preliminaries/continuum_mechanics_perspective_files/figure-pdf/unnamed-chunk-2-1.pdf>]
part II.
Package scrkbase Info: You've told me to use the font selection of the element
(scrkbase)             `partprefix' that is an alias of element `partnumber'
(scrkbase)              on input line 1143.
[37

]
chapter 8.
<particle_dynamics/basic_particle_kinematics_files/figure-pdf/unnamed-chunk-1-1.pdf, id=555, 175.65625pt x 130.4875pt>
File: particle_dynamics/basic_particle_kinematics_files/figure-pdf/unnamed-chunk-1-1.pdf Graphic file (type pdf)
<use particle_dynamics/basic_particle_kinematics_files/figure-pdf/unnamed-chunk-1-1.pdf>
Package luatex.def Info: particle_dynamics/basic_particle_kinematics_files/figure-pdf/unnamed-chunk-1-1.pdf  used on input line 1156.
(luatex.def)             Requested size: 175.6558pt x 130.48717pt.
<particle_dynamics/basic_particle_kinematics_files/figure-pdf/unnamed-chunk-2-1.pdf, id=556, 334.24875pt x 104.39pt>
File: particle_dynamics/basic_particle_kinematics_files/figure-pdf/unnamed-chunk-2-1.pdf Graphic file (type pdf)
<use particle_dynamics/basic_particle_kinematics_files/figure-pdf/unnamed-chunk-2-1.pdf>
Package luatex.def Info: particle_dynamics/basic_particle_kinematics_files/figure-pdf/unnamed-chunk-2-1.pdf  used on input line 1167.
(luatex.def)             Requested size: 334.24792pt x 104.38972pt.
[38

<./particle_dynamics/basic_particle_kinematics_files/figure-pdf/unnamed-chunk-1-1.pdf><./particle_dynamics/basic_particle_kinematics_files/figure-pdf/unnamed-chunk-2-1.pdf>] [39] [40]
Overfull \hbox (66.39401pt too wide) detected at line 1403
[]
 []

[41] [42] [43] [44] [45] [46] [47]
<particle_dynamics/../figures/basic_particle_kinematics/02-024.jpg, id=672, 1023.825pt x 717.68124pt>
File: particle_dynamics/../figures/basic_particle_kinematics/02-024.jpg Graphic file (type jpg)
<use particle_dynamics/../figures/basic_particle_kinematics/02-024.jpg>
Package luatex.def Info: particle_dynamics/../figures/basic_particle_kinematics/02-024.jpg  used on input line 1672.
(luatex.def)             Requested size: 223.36752pt x 156.57625pt.
<particle_dynamics/../figures/basic_particle_kinematics/02-028.jpg, id=673, 1043.9pt x 677.53125pt>
File: particle_dynamics/../figures/basic_particle_kinematics/02-028.jpg Graphic file (type jpg)
<use particle_dynamics/../figures/basic_particle_kinematics/02-028.jpg>
Package luatex.def Info: particle_dynamics/../figures/basic_particle_kinematics/02-028.jpg  used on input line 1687.
(luatex.def)             Requested size: 223.3669pt x 144.97371pt.
<particle_dynamics/../figures/basic_particle_kinematics/02-025.jpg, id=674, 1124.2pt x 1304.875pt>
File: particle_dynamics/../figures/basic_particle_kinematics/02-025.jpg Graphic file (type jpg)
<use particle_dynamics/../figures/basic_particle_kinematics/02-025.jpg>
Package luatex.def Info: particle_dynamics/../figures/basic_particle_kinematics/02-025.jpg  used on input line 1703.
(luatex.def)             Requested size: 223.37793pt x 259.27795pt.
[48<./particle_dynamics/../figures/basic_particle_kinematics/02-024.jpg><./particle_dynamics/../figures/basic_particle_kinematics/02-028.jpg>]
<particle_dynamics/../figures/basic_particle_kinematics/02-022.jpg, id=683, 903.375pt x 752.8125pt>
File: particle_dynamics/../figures/basic_particle_kinematics/02-022.jpg Graphic file (type jpg)
<use particle_dynamics/../figures/basic_particle_kinematics/02-022.jpg>
Package luatex.def Info: particle_dynamics/../figures/basic_particle_kinematics/02-022.jpg  used on input line 1715.
(luatex.def)             Requested size: 223.3758pt x 186.14648pt.
[49<./particle_dynamics/../figures/basic_particle_kinematics/02-025.jpg><./particle_dynamics/../figures/basic_particle_kinematics/02-022.jpg>]
chapter 9.
[50

] [51]
<particle_dynamics/particle_kinetics_files/figure-pdf/unnamed-chunk-1-1.pdf, id=712, 351.3125pt x 54.2025pt>
File: particle_dynamics/particle_kinetics_files/figure-pdf/unnamed-chunk-1-1.pdf Graphic file (type pdf)
<use particle_dynamics/particle_kinetics_files/figure-pdf/unnamed-chunk-1-1.pdf>
Package luatex.def Info: particle_dynamics/particle_kinetics_files/figure-pdf/unnamed-chunk-1-1.pdf  used on input line 1838.
(luatex.def)             Requested size: 351.31163pt x 54.20236pt.
<particle_dynamics/../figures/four_steps_bolm/FBD.png, id=713, 86.3225pt x 82.3075pt>
File: particle_dynamics/../figures/four_steps_bolm/FBD.png Graphic file (type png)
<use particle_dynamics/../figures/four_steps_bolm/FBD.png>
Package luatex.def Info: particle_dynamics/../figures/four_steps_bolm/FBD.png  used on input line 1854.
(luatex.def)             Requested size: 44.67851pt x 42.60043pt.
[52<./particle_dynamics/particle_kinetics_files/figure-pdf/unnamed-chunk-1-1.pdf><./particle_dynamics/../figures/four_steps_bolm/FBD.png>]
<particle_dynamics/particle_kinetics_files/figure-pdf/unnamed-chunk-2-1.pdf, id=761, 58.2175pt x 30.1125pt>
File: particle_dynamics/particle_kinetics_files/figure-pdf/unnamed-chunk-2-1.pdf Graphic file (type pdf)
<use particle_dynamics/particle_kinetics_files/figure-pdf/unnamed-chunk-2-1.pdf>
Package luatex.def Info: particle_dynamics/particle_kinetics_files/figure-pdf/unnamed-chunk-2-1.pdf  used on input line 1915.
(luatex.def)             Requested size: 58.21735pt x 30.11241pt.
[53<./particle_dynamics/particle_kinetics_files/figure-pdf/unnamed-chunk-2-1.pdf>]
<particle_dynamics/particle_kinetics_files/figure-pdf/unnamed-chunk-3-1.pdf, id=795, 122.4575pt x 124.465pt>
File: particle_dynamics/particle_kinetics_files/figure-pdf/unnamed-chunk-3-1.pdf Graphic file (type pdf)
<use particle_dynamics/particle_kinetics_files/figure-pdf/unnamed-chunk-3-1.pdf>
Package luatex.def Info: particle_dynamics/particle_kinetics_files/figure-pdf/unnamed-chunk-3-1.pdf  used on input line 1961.
(luatex.def)             Requested size: 122.45718pt x 124.46469pt.
<particle_dynamics/../figures/four_steps_bolm/bluff_body.jpeg, id=796, 407.5225pt x 124.465pt>
File: particle_dynamics/../figures/four_steps_bolm/bluff_body.jpeg Graphic file (type jpg)
<use particle_dynamics/../figures/four_steps_bolm/bluff_body.jpeg>
Package luatex.def Info: particle_dynamics/../figures/four_steps_bolm/bluff_body.jpeg  used on input line 1981.
(luatex.def)             Requested size: 223.37943pt x 68.22426pt.
[54<./particle_dynamics/particle_kinetics_files/figure-pdf/unnamed-chunk-3-1.pdf>]
<particle_dynamics/../figures/particle_kinetics/02-075.png, id=826, 993.7125pt x 672.5125pt>
File: particle_dynamics/../figures/particle_kinetics/02-075.png Graphic file (type png)
<use particle_dynamics/../figures/particle_kinetics/02-075.png>
Package luatex.def Info: particle_dynamics/../figures/particle_kinetics/02-075.png  used on input line 2034.
(luatex.def)             Requested size: 223.37854pt x 151.17537pt.
[55<./particle_dynamics/../figures/four_steps_bolm/bluff_body.jpeg>]
<particle_dynamics/../figures/particle_kinetics/03-004.png, id=842, 993.7125pt x 552.0625pt>
File: particle_dynamics/../figures/particle_kinetics/03-004.png Graphic file (type png)
<use particle_dynamics/../figures/particle_kinetics/03-004.png>
Package luatex.def Info: particle_dynamics/../figures/particle_kinetics/03-004.png  used on input line 2049.
(luatex.def)             Requested size: 223.37854pt x 124.09918pt.
<particle_dynamics/../figures/particle_kinetics/03-005.png, id=844, 993.7125pt x 1134.2375pt>
File: particle_dynamics/../figures/particle_kinetics/03-005.png Graphic file (type png)
<use particle_dynamics/../figures/particle_kinetics/03-005.png>
Package luatex.def Info: particle_dynamics/../figures/particle_kinetics/03-005.png  used on input line 2064.
(luatex.def)             Requested size: 223.37854pt x 254.96744pt.
[56<./particle_dynamics/../figures/particle_kinetics/02-075.png><./particle_dynamics/../figures/particle_kinetics/03-004.png>]
<particle_dynamics/../figures/particle_kinetics/03-006.png, id=852, 993.7125pt x 632.3625pt>
File: particle_dynamics/../figures/particle_kinetics/03-006.png Graphic file (type png)
<use particle_dynamics/../figures/particle_kinetics/03-006.png>
Package luatex.def Info: particle_dynamics/../figures/particle_kinetics/03-006.png  used on input line 2077.
(luatex.def)             Requested size: 223.37854pt x 142.14998pt.
<particle_dynamics/../figures/particle_kinetics/oor_ex_1_3.png, id=853, 1219.55624pt x 222.8325pt>
File: particle_dynamics/../figures/particle_kinetics/oor_ex_1_3.png Graphic file (type png)
<use particle_dynamics/../figures/particle_kinetics/oor_ex_1_3.png>
Package luatex.def Info: particle_dynamics/../figures/particle_kinetics/oor_ex_1_3.png  used on input line 2089.
(luatex.def)             Requested size: 312.72266pt x 57.13945pt.
[57<./particle_dynamics/../figures/particle_kinetics/03-005.png><./particle_dynamics/../figures/particle_kinetics/03-006.png>]
<particle_dynamics/../figures/particle_kinetics/oor_ex_1_5.png, id=860, 1219.55624pt x 242.9075pt>
File: particle_dynamics/../figures/particle_kinetics/oor_ex_1_5.png Graphic file (type png)
<use particle_dynamics/../figures/particle_kinetics/oor_ex_1_5.png>
Package luatex.def Info: particle_dynamics/../figures/particle_kinetics/oor_ex_1_5.png  used on input line 2101.
(luatex.def)             Requested size: 312.72266pt x 62.28714pt.
<particle_dynamics/../figures/particle_kinetics/oor_ex_1_8.png, id=861, 1219.55624pt x 404.51125pt>
File: particle_dynamics/../figures/particle_kinetics/oor_ex_1_8.png Graphic file (type png)
<use particle_dynamics/../figures/particle_kinetics/oor_ex_1_8.png>
Package luatex.def Info: particle_dynamics/../figures/particle_kinetics/oor_ex_1_8.png  used on input line 2113.
(luatex.def)             Requested size: 312.72266pt x 103.7261pt.
[58<./particle_dynamics/../figures/particle_kinetics/oor_ex_1_3.png><./particle_dynamics/../figures/particle_kinetics/oor_ex_1_5.png><./particle_dynamics/../figures/particle_kinetics/oor_ex_1_8.png>]
chapter 10.
<particle_dynamics/cylindrical_polar_coordinates_files/figure-pdf/unnamed-chunk-1-1.pdf, id=869, 200.75pt x 155.58125pt>
File: particle_dynamics/cylindrical_polar_coordinates_files/figure-pdf/unnamed-chunk-1-1.pdf Graphic file (type pdf)
<use particle_dynamics/cylindrical_polar_coordinates_files/figure-pdf/unnamed-chunk-1-1.pdf>
Package luatex.def Info: particle_dynamics/cylindrical_polar_coordinates_files/figure-pdf/unnamed-chunk-1-1.pdf  used on input line 2131.
(luatex.def)             Requested size: 200.7495pt x 155.58086pt.
<particle_dynamics/cylindrical_polar_coordinates_files/figure-pdf/unnamed-chunk-2-1.pdf, id=870, 150.5625pt x 113.42375pt>
File: particle_dynamics/cylindrical_polar_coordinates_files/figure-pdf/unnamed-chunk-2-1.pdf Graphic file (type pdf)
<use particle_dynamics/cylindrical_polar_coordinates_files/figure-pdf/unnamed-chunk-2-1.pdf>
Package luatex.def Info: particle_dynamics/cylindrical_polar_coordinates_files/figure-pdf/unnamed-chunk-2-1.pdf  used on input line 2146.
(luatex.def)             Requested size: 150.56212pt x 113.42346pt.
[59

<./particle_dynamics/cylindrical_polar_coordinates_files/figure-pdf/unnamed-chunk-1-1.pdf>]
<particle_dynamics/cylindrical_polar_coordinates_files/figure-pdf/unnamed-chunk-3-1.pdf, id=906, 192.72pt x 105.39375pt>
File: particle_dynamics/cylindrical_polar_coordinates_files/figure-pdf/unnamed-chunk-3-1.pdf Graphic file (type pdf)
<use particle_dynamics/cylindrical_polar_coordinates_files/figure-pdf/unnamed-chunk-3-1.pdf>
Package luatex.def Info: particle_dynamics/cylindrical_polar_coordinates_files/figure-pdf/unnamed-chunk-3-1.pdf  used on input line 2200.
(luatex.def)             Requested size: 192.71951pt x 105.39348pt.
[60<./particle_dynamics/cylindrical_polar_coordinates_files/figure-pdf/unnamed-chunk-2-1.pdf>] [61<./particle_dynamics/cylindrical_polar_coordinates_files/figure-pdf/unnamed-chunk-3-1.pdf>]
<particle_dynamics/../figures/cylindrical_polar_coordinates/02-121.jpg, id=982, 272.217pt x 293.898pt>
File: particle_dynamics/../figures/cylindrical_polar_coordinates/02-121.jpg Graphic file (type jpg)
<use particle_dynamics/../figures/cylindrical_polar_coordinates/02-121.jpg>
Package luatex.def Info: particle_dynamics/../figures/cylindrical_polar_coordinates/02-121.jpg  used on input line 2271.
(luatex.def)             Requested size: 223.38966pt x 241.18176pt.
<particle_dynamics/cylindrical_polar_coordinates_files/figure-pdf/unnamed-chunk-4-1.pdf, id=983, 161.60374pt x 122.4575pt>
File: particle_dynamics/cylindrical_polar_coordinates_files/figure-pdf/unnamed-chunk-4-1.pdf Graphic file (type pdf)
<use particle_dynamics/cylindrical_polar_coordinates_files/figure-pdf/unnamed-chunk-4-1.pdf>
Package luatex.def Info: particle_dynamics/cylindrical_polar_coordinates_files/figure-pdf/unnamed-chunk-4-1.pdf  used on input line 2286.
(luatex.def)             Requested size: 161.60335pt x 122.45718pt.
[62<./particle_dynamics/../figures/cylindrical_polar_coordinates/02-121.jpg>] [63<./particle_dynamics/cylindrical_polar_coordinates_files/figure-pdf/unnamed-chunk-4-1.pdf>] [64]
<particle_dynamics/cylindrical_polar_coordinates_files/figure-pdf/unnamed-chunk-5-1.pdf, id=1026, 291.0875pt x 109.40875pt>
File: particle_dynamics/cylindrical_polar_coordinates_files/figure-pdf/unnamed-chunk-5-1.pdf Graphic file (type pdf)
<use particle_dynamics/cylindrical_polar_coordinates_files/figure-pdf/unnamed-chunk-5-1.pdf>
Package luatex.def Info: particle_dynamics/cylindrical_polar_coordinates_files/figure-pdf/unnamed-chunk-5-1.pdf  used on input line 2430.
(luatex.def)             Requested size: 291.08678pt x 109.40846pt.
[65<./particle_dynamics/cylindrical_polar_coordinates_files/figure-pdf/unnamed-chunk-5-1.pdf>] [66]
<particle_dynamics/cylindrical_polar_coordinates_files/figure-pdf/unnamed-chunk-6-1.pdf, id=1069, 216.81pt x 254.9525pt>
File: particle_dynamics/cylindrical_polar_coordinates_files/figure-pdf/unnamed-chunk-6-1.pdf Graphic file (type pdf)
<use particle_dynamics/cylindrical_polar_coordinates_files/figure-pdf/unnamed-chunk-6-1.pdf>
Package luatex.def Info: particle_dynamics/cylindrical_polar_coordinates_files/figure-pdf/unnamed-chunk-6-1.pdf  used on input line 2527.
(luatex.def)             Requested size: 216.80946pt x 254.95186pt.
[67<./particle_dynamics/cylindrical_polar_coordinates_files/figure-pdf/unnamed-chunk-6-1.pdf>]
<particle_dynamics/../figures/cylindrical_polar_coordinates/03-067.png, id=1094, 386.44376pt x 335.2525pt>
File: particle_dynamics/../figures/cylindrical_polar_coordinates/03-067.png Graphic file (type png)
<use particle_dynamics/../figures/cylindrical_polar_coordinates/03-067.png>
Package luatex.def Info: particle_dynamics/../figures/cylindrical_polar_coordinates/03-067.png  used on input line 2570.
(luatex.def)             Requested size: 223.38275pt x 193.7918pt.
<particle_dynamics/../figures/cylindrical_polar_coordinates/03-193.png, id=1096, 651.43375pt x 624.3325pt>
File: particle_dynamics/../figures/cylindrical_polar_coordinates/03-193.png Graphic file (type png)
<use particle_dynamics/../figures/cylindrical_polar_coordinates/03-193.png>
Package luatex.def Info: particle_dynamics/../figures/cylindrical_polar_coordinates/03-193.png  used on input line 2578.
(luatex.def)             Requested size: 223.38309pt x 214.08981pt.
[68<./particle_dynamics/../figures/cylindrical_polar_coordinates/03-067.png>]
File: particle_dynamics/../figures/cylindrical_polar_coordinates/02-121.jpg Graphic file (type jpg)
<use particle_dynamics/../figures/cylindrical_polar_coordinates/02-121.jpg>
Package luatex.def Info: particle_dynamics/../figures/cylindrical_polar_coordinates/02-121.jpg  used on input line 2590.
(luatex.def)             Requested size: 223.38966pt x 241.18176pt.
[69<./particle_dynamics/../figures/cylindrical_polar_coordinates/03-193.png>]
<particle_dynamics/../figures/cylindrical_polar_coordinates/02-105.png, id=1118, 857.2025pt x 414.54875pt>
File: particle_dynamics/../figures/cylindrical_polar_coordinates/02-105.png Graphic file (type png)
<use particle_dynamics/../figures/cylindrical_polar_coordinates/02-105.png>
Package luatex.def Info: particle_dynamics/../figures/cylindrical_polar_coordinates/02-105.png  used on input line 2606.
(luatex.def)             Requested size: 223.3775pt x 108.02682pt.
<particle_dynamics/../figures/cylindrical_polar_coordinates/02-126.png, id=1119, 857.2025pt x 439.6425pt>
File: particle_dynamics/../figures/cylindrical_polar_coordinates/02-126.png Graphic file (type png)
<use particle_dynamics/../figures/cylindrical_polar_coordinates/02-126.png>
Package luatex.def Info: particle_dynamics/../figures/cylindrical_polar_coordinates/02-126.png  used on input line 2621.
(luatex.def)             Requested size: 223.3775pt x 114.56598pt.
<particle_dynamics/../figures/cylindrical_polar_coordinates/03-037.png, id=1120, 857.2025pt x 488.82625pt>
File: particle_dynamics/../figures/cylindrical_polar_coordinates/03-037.png Graphic file (type png)
<use particle_dynamics/../figures/cylindrical_polar_coordinates/03-037.png>
Package luatex.def Info: particle_dynamics/../figures/cylindrical_polar_coordinates/03-037.png  used on input line 2635.
(luatex.def)             Requested size: 223.3775pt x 127.38272pt.
[70<./particle_dynamics/../figures/cylindrical_polar_coordinates/02-105.png><./particle_dynamics/../figures/cylindrical_polar_coordinates/02-126.png>]
<particle_dynamics/../figures/cylindrical_polar_coordinates/oor_ex_2_6.png, id=1128, 1219.55624pt x 316.18124pt>
File: particle_dynamics/../figures/cylindrical_polar_coordinates/oor_ex_2_6.png Graphic file (type png)
<use particle_dynamics/../figures/cylindrical_polar_coordinates/oor_ex_2_6.png>
Package luatex.def Info: particle_dynamics/../figures/cylindrical_polar_coordinates/oor_ex_2_6.png  used on input line 2647.
(luatex.def)             Requested size: 312.72266pt x 81.07623pt.
<particle_dynamics/../figures/cylindrical_polar_coordinates/oor_ex_2_7.png, id=1129, 1219.55624pt x 416.55624pt>
File: particle_dynamics/../figures/cylindrical_polar_coordinates/oor_ex_2_7.png Graphic file (type png)
<use particle_dynamics/../figures/cylindrical_polar_coordinates/oor_ex_2_7.png>
Package luatex.def Info: particle_dynamics/../figures/cylindrical_polar_coordinates/oor_ex_2_7.png  used on input line 2659.
(luatex.def)             Requested size: 312.72266pt x 106.81473pt.
<particle_dynamics/../figures/cylindrical_polar_coordinates/oor_ex_2_8.png, id=1130, 1219.55624pt x 265.99374pt>
File: particle_dynamics/../figures/cylindrical_polar_coordinates/oor_ex_2_8.png Graphic file (type png)
<use particle_dynamics/../figures/cylindrical_polar_coordinates/oor_ex_2_8.png>
Package luatex.def Info: particle_dynamics/../figures/cylindrical_polar_coordinates/oor_ex_2_8.png  used on input line 2671.
(luatex.def)             Requested size: 312.72266pt x 68.20699pt.
[71<./particle_dynamics/../figures/cylindrical_polar_coordinates/03-037.png><./particle_dynamics/../figures/cylindrical_polar_coordinates/oor_ex_2_6.png><./particle_dynamics/../figures/cylindrical_polar_coordinates/oor_ex_2_7.png>] [72<./particle_dynamics/../figures/cylindrical_polar_coordinates/oor_ex_2_8.png>]
chapter 11.
<particle_dynamics/constrained_motion_files/figure-pdf/unnamed-chunk-1-1.pdf, id=1144, 143.53625pt x 171.64125pt>
File: particle_dynamics/constrained_motion_files/figure-pdf/unnamed-chunk-1-1.pdf Graphic file (type pdf)
<use particle_dynamics/constrained_motion_files/figure-pdf/unnamed-chunk-1-1.pdf>
Package luatex.def Info: particle_dynamics/constrained_motion_files/figure-pdf/unnamed-chunk-1-1.pdf  used on input line 2726.
(luatex.def)             Requested size: 143.53589pt x 171.64081pt.
[73

]
<particle_dynamics/../figures/constrained_motion/02-099.png, id=1155, 857.2025pt x 588.1975pt>
File: particle_dynamics/../figures/constrained_motion/02-099.png Graphic file (type png)
<use particle_dynamics/../figures/constrained_motion/02-099.png>
Package luatex.def Info: particle_dynamics/../figures/constrained_motion/02-099.png  used on input line 2746.
(luatex.def)             Requested size: 223.3775pt x 153.27777pt.
[74<./particle_dynamics/constrained_motion_files/figure-pdf/unnamed-chunk-1-1.pdf><./particle_dynamics/../figures/constrained_motion/02-099.png>]
<particle_dynamics/../figures/constrained_motion/03-056.png, id=1181, 857.2025pt x 472.76625pt>
File: particle_dynamics/../figures/constrained_motion/03-056.png Graphic file (type png)
<use particle_dynamics/../figures/constrained_motion/03-056.png>
Package luatex.def Info: particle_dynamics/../figures/constrained_motion/03-056.png  used on input line 2762.
(luatex.def)             Requested size: 223.3775pt x 123.19766pt.
<particle_dynamics/../figures/constrained_motion/02-172.png, id=1182, 857.2025pt x 513.92pt>
File: particle_dynamics/../figures/constrained_motion/02-172.png Graphic file (type png)
<use particle_dynamics/../figures/constrained_motion/02-172.png>
Package luatex.def Info: particle_dynamics/../figures/constrained_motion/02-172.png  used on input line 2777.
(luatex.def)             Requested size: 223.3775pt x 133.92188pt.
<particle_dynamics/../figures/constrained_motion/03-021.png, id=1183, 857.2025pt x 539.01375pt>
File: particle_dynamics/../figures/constrained_motion/03-021.png Graphic file (type png)
<use particle_dynamics/../figures/constrained_motion/03-021.png>
Package luatex.def Info: particle_dynamics/../figures/constrained_motion/03-021.png  used on input line 2791.
(luatex.def)             Requested size: 223.3775pt x 140.46103pt.
[75<./particle_dynamics/../figures/constrained_motion/03-056.png><./particle_dynamics/../figures/constrained_motion/02-172.png>]
<particle_dynamics/../figures/constrained_motion/02-177.png, id=1191, 895.345pt x 613.29124pt>
File: particle_dynamics/../figures/constrained_motion/02-177.png Graphic file (type png)
<use particle_dynamics/../figures/constrained_motion/02-177.png>
Package luatex.def Info: particle_dynamics/../figures/constrained_motion/02-177.png  used on input line 2803.
(luatex.def)             Requested size: 223.3712pt x 153.00426pt.
<particle_dynamics/../figures/constrained_motion/02-179.png, id=1192, 895.345pt x 580.1675pt>
File: particle_dynamics/../figures/constrained_motion/02-179.png Graphic file (type png)
<use particle_dynamics/../figures/constrained_motion/02-179.png>
Package luatex.def Info: particle_dynamics/../figures/constrained_motion/02-179.png  used on input line 2815.
(luatex.def)             Requested size: 223.3712pt x 144.74052pt.
[76<./particle_dynamics/../figures/constrained_motion/03-021.png><./particle_dynamics/../figures/constrained_motion/02-177.png>] [77<./particle_dynamics/../figures/constrained_motion/02-179.png>]
chapter 12.
<particle_dynamics/serret_frenet_triad_files/figure-pdf/unnamed-chunk-1-1.pdf, id=1204, 256.96pt x 122.4575pt>
File: particle_dynamics/serret_frenet_triad_files/figure-pdf/unnamed-chunk-1-1.pdf Graphic file (type pdf)
<use particle_dynamics/serret_frenet_triad_files/figure-pdf/unnamed-chunk-1-1.pdf>
Package luatex.def Info: particle_dynamics/serret_frenet_triad_files/figure-pdf/unnamed-chunk-1-1.pdf  used on input line 2841.
(luatex.def)             Requested size: 256.95937pt x 122.45718pt.
[78

<./particle_dynamics/serret_frenet_triad_files/figure-pdf/unnamed-chunk-1-1.pdf>]
<particle_dynamics/serret_frenet_triad_files/figure-pdf/unnamed-chunk-2-1.pdf, id=1239, 174.6525pt x 86.3225pt>
File: particle_dynamics/serret_frenet_triad_files/figure-pdf/unnamed-chunk-2-1.pdf Graphic file (type pdf)
<use particle_dynamics/serret_frenet_triad_files/figure-pdf/unnamed-chunk-2-1.pdf>
Package luatex.def Info: particle_dynamics/serret_frenet_triad_files/figure-pdf/unnamed-chunk-2-1.pdf  used on input line 2872.
(luatex.def)             Requested size: 174.65207pt x 86.32227pt.
<particle_dynamics/serret_frenet_triad_files/figure-pdf/unnamed-chunk-3-1.pdf, id=1240, 399.4925pt x 86.3225pt>
File: particle_dynamics/serret_frenet_triad_files/figure-pdf/unnamed-chunk-3-1.pdf Graphic file (type pdf)
<use particle_dynamics/serret_frenet_triad_files/figure-pdf/unnamed-chunk-3-1.pdf>
Package luatex.def Info: particle_dynamics/serret_frenet_triad_files/figure-pdf/unnamed-chunk-3-1.pdf  used on input line 2912.
(luatex.def)             Requested size: 399.49152pt x 86.32227pt.
[79<./particle_dynamics/serret_frenet_triad_files/figure-pdf/unnamed-chunk-2-1.pdf>]
<particle_dynamics/../figures/serret_frenet_triad/serret-frenet-triad-example.jpg, id=1272, 433.62pt x 169.8345pt>
File: particle_dynamics/../figures/serret_frenet_triad/serret-frenet-triad-example.jpg Graphic file (type jpg)
<use particle_dynamics/../figures/serret_frenet_triad/serret-frenet-triad-example.jpg>
Package luatex.def Info: particle_dynamics/../figures/serret_frenet_triad/serret-frenet-triad-example.jpg  used on input line 2954.
(luatex.def)             Requested size: 433.61894pt x 169.83408pt.
[80<./particle_dynamics/serret_frenet_triad_files/figure-pdf/unnamed-chunk-3-1.pdf>] [81<./particle_dynamics/../figures/serret_frenet_triad/serret-frenet-triad-example.jpg>] [82] [83] [84]
<particle_dynamics/../figures/serret_frenet_triad/02-079.jpg, id=1331, 324.0105pt x 495.65175pt>
File: particle_dynamics/../figures/serret_frenet_triad/02-079.jpg Graphic file (type jpg)
<use particle_dynamics/../figures/serret_frenet_triad/02-079.jpg>
Package luatex.def Info: particle_dynamics/../figures/serret_frenet_triad/02-079.jpg  used on input line 3193.
(luatex.def)             Requested size: 223.38455pt x 341.72023pt.
[85]
<particle_dynamics/../figures/serret_frenet_triad/02-090.png, id=1343, 857.2025pt x 580.1675pt>
File: particle_dynamics/../figures/serret_frenet_triad/02-090.png Graphic file (type png)
<use particle_dynamics/../figures/serret_frenet_triad/02-090.png>
Package luatex.def Info: particle_dynamics/../figures/serret_frenet_triad/02-090.png  used on input line 3207.
(luatex.def)             Requested size: 223.3775pt x 151.18523pt.
[86<./particle_dynamics/../figures/serret_frenet_triad/02-079.jpg>]
<particle_dynamics/../figures/serret_frenet_triad/02-091.png, id=1350, 857.2025pt x 580.1675pt>
File: particle_dynamics/../figures/serret_frenet_triad/02-091.png Graphic file (type png)
<use particle_dynamics/../figures/serret_frenet_triad/02-091.png>
Package luatex.def Info: particle_dynamics/../figures/serret_frenet_triad/02-091.png  used on input line 3219.
(luatex.def)             Requested size: 223.3775pt x 151.18523pt.
<particle_dynamics/../figures/serret_frenet_triad/02-097.png, id=1351, 857.2025pt x 654.445pt>
File: particle_dynamics/../figures/serret_frenet_triad/02-097.png Graphic file (type png)
<use particle_dynamics/../figures/serret_frenet_triad/02-097.png>
Package luatex.def Info: particle_dynamics/../figures/serret_frenet_triad/02-097.png  used on input line 3234.
(luatex.def)             Requested size: 223.3775pt x 170.54114pt.
[87<./particle_dynamics/../figures/serret_frenet_triad/02-090.png><./particle_dynamics/../figures/serret_frenet_triad/02-091.png>]
<particle_dynamics/../figures/serret_frenet_triad/02-199.png, id=1359, 857.2025pt x 613.29124pt>
File: particle_dynamics/../figures/serret_frenet_triad/02-199.png Graphic file (type png)
<use particle_dynamics/../figures/serret_frenet_triad/02-199.png>
Package luatex.def Info: particle_dynamics/../figures/serret_frenet_triad/02-199.png  used on input line 3250.
(luatex.def)             Requested size: 223.3775pt x 159.81693pt.
<particle_dynamics/../figures/serret_frenet_triad/03-040.png, id=1360, 857.2025pt x 472.76625pt>
File: particle_dynamics/../figures/serret_frenet_triad/03-040.png Graphic file (type png)
<use particle_dynamics/../figures/serret_frenet_triad/03-040.png>
Package luatex.def Info: particle_dynamics/../figures/serret_frenet_triad/03-040.png  used on input line 3264.
(luatex.def)             Requested size: 223.3775pt x 123.19766pt.
[88<./particle_dynamics/../figures/serret_frenet_triad/02-097.png><./particle_dynamics/../figures/serret_frenet_triad/02-199.png>]
<particle_dynamics/../figures/serret_frenet_triad/03-041.png, id=1367, 857.2025pt x 547.04375pt>
File: particle_dynamics/../figures/serret_frenet_triad/03-041.png Graphic file (type png)
<use particle_dynamics/../figures/serret_frenet_triad/03-041.png>
Package luatex.def Info: particle_dynamics/../figures/serret_frenet_triad/03-041.png  used on input line 3277.
(luatex.def)             Requested size: 223.3775pt x 142.55356pt.
<particle_dynamics/../figures/serret_frenet_triad/eg-particle-on-ring.jpg, id=1368, 292.09125pt x 510.10574pt>
File: particle_dynamics/../figures/serret_frenet_triad/eg-particle-on-ring.jpg Graphic file (type jpg)
<use particle_dynamics/../figures/serret_frenet_triad/eg-particle-on-ring.jpg>
Package luatex.def Info: particle_dynamics/../figures/serret_frenet_triad/eg-particle-on-ring.jpg  used on input line 3291.
(luatex.def)             Requested size: 223.38666pt x 390.12065pt.
[89<./particle_dynamics/../figures/serret_frenet_triad/03-040.png><./particle_dynamics/../figures/serret_frenet_triad/03-041.png>]
<particle_dynamics/../figures/serret_frenet_triad/oor_3_1.png, id=1375, 1219.55624pt x 364.36125pt>
File: particle_dynamics/../figures/serret_frenet_triad/oor_3_1.png Graphic file (type png)
<use particle_dynamics/../figures/serret_frenet_triad/oor_3_1.png>
Package luatex.def Info: particle_dynamics/../figures/serret_frenet_triad/oor_3_1.png  used on input line 3303.
(luatex.def)             Requested size: 312.72266pt x 93.43071pt.
<particle_dynamics/../figures/serret_frenet_triad/oor_3_2.png, id=1376, 1219.55624pt x 356.33125pt>
File: particle_dynamics/../figures/serret_frenet_triad/oor_3_2.png Graphic file (type png)
<use particle_dynamics/../figures/serret_frenet_triad/oor_3_2.png>
Package luatex.def Info: particle_dynamics/../figures/serret_frenet_triad/oor_3_2.png  used on input line 3315.
(luatex.def)             Requested size: 312.72266pt x 91.37163pt.
[90<./particle_dynamics/../figures/serret_frenet_triad/eg-particle-on-ring.jpg><./particle_dynamics/../figures/serret_frenet_triad/oor_3_1.png>] [91<./particle_dynamics/../figures/serret_frenet_triad/oor_3_2.png>]
chapter 13.
<particle_dynamics/spring_force_files/figure-pdf/unnamed-chunk-1-1.pdf, id=1389, 206.7725pt x 189.70876pt>
File: particle_dynamics/spring_force_files/figure-pdf/unnamed-chunk-1-1.pdf Graphic file (type pdf)
<use particle_dynamics/spring_force_files/figure-pdf/unnamed-chunk-1-1.pdf>
Package luatex.def Info: particle_dynamics/spring_force_files/figure-pdf/unnamed-chunk-1-1.pdf  used on input line 3352.
(luatex.def)             Requested size: 206.77199pt x 189.70828pt.
[92

<./particle_dynamics/spring_force_files/figure-pdf/unnamed-chunk-1-1.pdf>]
<particle_dynamics/../figures/spring_force/general-spring.jpg, id=1415, 507.0945pt x 231.86626pt>
File: particle_dynamics/../figures/spring_force/general-spring.jpg Graphic file (type jpg)
<use particle_dynamics/../figures/spring_force/general-spring.jpg>
Package luatex.def Info: particle_dynamics/../figures/spring_force/general-spring.jpg  used on input line 3397.
(luatex.def)             Requested size: 223.38535pt x 102.14175pt.
[93<./particle_dynamics/../figures/spring_force/general-spring.jpg>] [94]
<particle_dynamics/../figures/spring_force/08-002.png, id=1440, 1043.9pt x 521.95pt>
File: particle_dynamics/../figures/spring_force/08-002.png Graphic file (type png)
<use particle_dynamics/../figures/spring_force/08-002.png>
Package luatex.def Info: particle_dynamics/../figures/spring_force/08-002.png  used on input line 3497.
(luatex.def)             Requested size: 223.3669pt x 111.68344pt.
<particle_dynamics/../figures/spring_force/08-004.png, id=1441, 1144.275pt x 893.3375pt>
File: particle_dynamics/../figures/spring_force/08-004.png Graphic file (type png)
<use particle_dynamics/../figures/spring_force/08-004.png>
Package luatex.def Info: particle_dynamics/../figures/spring_force/08-004.png  used on input line 3512.
(luatex.def)             Requested size: 223.36844pt x 174.38412pt.
[95<./particle_dynamics/../figures/spring_force/08-002.png>]
<particle_dynamics/../figures/spring_force/08-019.png, id=1454, 1345.025pt x 762.85pt>
File: particle_dynamics/../figures/spring_force/08-019.png Graphic file (type png)
<use particle_dynamics/../figures/spring_force/08-019.png>
Package luatex.def Info: particle_dynamics/../figures/spring_force/08-019.png  used on input line 3527.
(luatex.def)             Requested size: 223.37671pt x 126.69127pt.
[96<./particle_dynamics/../figures/spring_force/08-004.png><./particle_dynamics/../figures/spring_force/08-019.png>]
chapter 14.
<particle_dynamics/friction_force_files/figure-pdf/unnamed-chunk-1-1.pdf, id=1462, 234.8775pt x 44.165pt>
File: particle_dynamics/friction_force_files/figure-pdf/unnamed-chunk-1-1.pdf Graphic file (type pdf)
<use particle_dynamics/friction_force_files/figure-pdf/unnamed-chunk-1-1.pdf>
Package luatex.def Info: particle_dynamics/friction_force_files/figure-pdf/unnamed-chunk-1-1.pdf  used on input line 3546.
(luatex.def)             Requested size: 234.87692pt x 44.16487pt.
[97

<./particle_dynamics/friction_force_files/figure-pdf/unnamed-chunk-1-1.pdf>]
<particle_dynamics/friction_force_files/figure-pdf/unnamed-chunk-2-1.pdf, id=1490, 234.8775pt x 44.165pt>
File: particle_dynamics/friction_force_files/figure-pdf/unnamed-chunk-2-1.pdf Graphic file (type pdf)
<use particle_dynamics/friction_force_files/figure-pdf/unnamed-chunk-2-1.pdf>
Package luatex.def Info: particle_dynamics/friction_force_files/figure-pdf/unnamed-chunk-2-1.pdf  used on input line 3630.
(luatex.def)             Requested size: 234.87692pt x 44.16487pt.
[98<./particle_dynamics/friction_force_files/figure-pdf/unnamed-chunk-2-1.pdf>]
<particle_dynamics/friction_force_files/figure-pdf/unnamed-chunk-3-1.pdf, id=1517, 216.81pt x 100.375pt>
File: particle_dynamics/friction_force_files/figure-pdf/unnamed-chunk-3-1.pdf Graphic file (type pdf)
<use particle_dynamics/friction_force_files/figure-pdf/unnamed-chunk-3-1.pdf>
Package luatex.def Info: particle_dynamics/friction_force_files/figure-pdf/unnamed-chunk-3-1.pdf  used on input line 3647.
(luatex.def)             Requested size: 216.80946pt x 100.37474pt.
[99<./particle_dynamics/friction_force_files/figure-pdf/unnamed-chunk-3-1.pdf>]
Overfull \hbox (123.18536pt too wide) detected at line 3724
[]
 []

<particle_dynamics/friction_force_files/figure-pdf/unnamed-chunk-4-1.pdf, id=1544, 375.4025pt x 47.17625pt>
File: particle_dynamics/friction_force_files/figure-pdf/unnamed-chunk-4-1.pdf Graphic file (type pdf)
<use particle_dynamics/friction_force_files/figure-pdf/unnamed-chunk-4-1.pdf>
Package luatex.def Info: particle_dynamics/friction_force_files/figure-pdf/unnamed-chunk-4-1.pdf  used on input line 3747.
(luatex.def)             Requested size: 375.40158pt x 47.17612pt.
[100]
<particle_dynamics/../figures/friction_force/03-002.png, id=1556, 973.6375pt x 572.1375pt>
File: particle_dynamics/../figures/friction_force/03-002.png Graphic file (type png)
<use particle_dynamics/../figures/friction_force/03-002.png>
Package luatex.def Info: particle_dynamics/../figures/friction_force/03-002.png  used on input line 3804.
(luatex.def)             Requested size: 223.38222pt x 131.26584pt.
[101<./particle_dynamics/friction_force_files/figure-pdf/unnamed-chunk-4-1.pdf>]
<particle_dynamics/../figures/friction_force/03-030.png, id=1578, 1124.2pt x 702.625pt>
File: particle_dynamics/../figures/friction_force/03-030.png Graphic file (type png)
<use particle_dynamics/../figures/friction_force/03-030.png>
Package luatex.def Info: particle_dynamics/../figures/friction_force/03-030.png  used on input line 3818.
(luatex.def)             Requested size: 223.37793pt x 139.6112pt.
<particle_dynamics/../figures/friction_force/03-047.png, id=1579, 1074.0125pt x 682.55pt>
File: particle_dynamics/../figures/friction_force/03-047.png Graphic file (type png)
<use particle_dynamics/../figures/friction_force/03-047.png>
Package luatex.def Info: particle_dynamics/../figures/friction_force/03-047.png  used on input line 3832.
(luatex.def)             Requested size: 223.36966pt x 141.95454pt.
[102<./particle_dynamics/../figures/friction_force/03-002.png><./particle_dynamics/../figures/friction_force/03-030.png>]
<particle_dynamics/../figures/friction_force/03-049.png, id=1586, 1274.7625pt x 923.45pt>
File: particle_dynamics/../figures/friction_force/03-049.png Graphic file (type png)
<use particle_dynamics/../figures/friction_force/03-049.png>
Package luatex.def Info: particle_dynamics/../figures/friction_force/03-049.png  used on input line 3846.
(luatex.def)             Requested size: 223.37854pt x 161.81752pt.
<particle_dynamics/../figures/friction_force/03-050.png, id=1587, 1023.825pt x 782.925pt>
File: particle_dynamics/../figures/friction_force/03-050.png Graphic file (type png)
<use particle_dynamics/../figures/friction_force/03-050.png>
Package luatex.def Info: particle_dynamics/../figures/friction_force/03-050.png  used on input line 3860.
(luatex.def)             Requested size: 223.36752pt x 170.81046pt.
[103<./particle_dynamics/../figures/friction_force/03-047.png><./particle_dynamics/../figures/friction_force/03-049.png>]
<particle_dynamics/../figures/friction_force/03-071.png, id=1594, 1124.2pt x 752.8125pt>
File: particle_dynamics/../figures/friction_force/03-071.png Graphic file (type png)
<use particle_dynamics/../figures/friction_force/03-071.png>
Package luatex.def Info: particle_dynamics/../figures/friction_force/03-071.png  used on input line 3874.
(luatex.def)             Requested size: 223.37793pt x 149.58344pt.
[104<./particle_dynamics/../figures/friction_force/03-050.png><./particle_dynamics/../figures/friction_force/03-071.png>]
chapter 15.
<particle_dynamics/gravitational_force_model_files/figure-pdf/unnamed-chunk-1-1.pdf, id=1603, 90.3375pt x 56.21pt>
File: particle_dynamics/gravitational_force_model_files/figure-pdf/unnamed-chunk-1-1.pdf Graphic file (type pdf)
<use particle_dynamics/gravitational_force_model_files/figure-pdf/unnamed-chunk-1-1.pdf>
Package luatex.def Info: particle_dynamics/gravitational_force_model_files/figure-pdf/unnamed-chunk-1-1.pdf  used on input line 3887.
(luatex.def)             Requested size: 90.33727pt x 56.20985pt.
LaTeX Font Info:    Font shape `TU/latinmodern-math.otf(1)/m/n' will be
(Font)              scaled to size 14.4pt on input line 3899.
LaTeX Font Info:    Font shape `TU/latinmodern-math.otf(2)/m/n' will be
(Font)              scaled to size 14.4pt on input line 3899.
LaTeX Font Info:    Font shape `TU/latinmodern-math.otf(3)/m/n' will be
(Font)              scaled to size 14.4pt on input line 3899.
<particle_dynamics/gravitational_force_model_files/figure-pdf/unnamed-chunk-2-1.pdf, id=1604, 209.78375pt x 181.67876pt>
File: particle_dynamics/gravitational_force_model_files/figure-pdf/unnamed-chunk-2-1.pdf Graphic file (type pdf)
<use particle_dynamics/gravitational_force_model_files/figure-pdf/unnamed-chunk-2-1.pdf>
Package luatex.def Info: particle_dynamics/gravitational_force_model_files/figure-pdf/unnamed-chunk-2-1.pdf  used on input line 3902.
(luatex.def)             Requested size: 209.78322pt x 181.6783pt.
[105

<./particle_dynamics/gravitational_force_model_files/figure-pdf/unnamed-chunk-1-1.pdf><./particle_dynamics/gravitational_force_model_files/figure-pdf/unnamed-chunk-2-1.pdf>] [106]
chapter 16.
[107

]
<particle_dynamics/power_work_energy_files/figure-pdf/unnamed-chunk-1-1.pdf, id=1670, 339.2675pt x 149.55875pt>
File: particle_dynamics/power_work_energy_files/figure-pdf/unnamed-chunk-1-1.pdf Graphic file (type pdf)
<use particle_dynamics/power_work_energy_files/figure-pdf/unnamed-chunk-1-1.pdf>
Package luatex.def Info: particle_dynamics/power_work_energy_files/figure-pdf/unnamed-chunk-1-1.pdf  used on input line 3999.
(luatex.def)             Requested size: 339.26666pt x 149.55838pt.
[108<./particle_dynamics/power_work_energy_files/figure-pdf/unnamed-chunk-1-1.pdf>] [109] [110] [111] [112]
<particle_dynamics/../figures/power_work_energy/03-128.png, id=1735, 873.2625pt x 632.3625pt>
File: particle_dynamics/../figures/power_work_energy/03-128.png Graphic file (type png)
<use particle_dynamics/../figures/power_work_energy/03-128.png>
Package luatex.def Info: particle_dynamics/../figures/power_work_energy/03-128.png  used on input line 4246.
(luatex.def)             Requested size: 223.37854pt x 161.75688pt.
<particle_dynamics/../figures/power_work_energy/03-080.png, id=1736, 973.6375pt x 913.4125pt>
File: particle_dynamics/../figures/power_work_energy/03-080.png Graphic file (type png)
<use particle_dynamics/../figures/power_work_energy/03-080.png>
Package luatex.def Info: particle_dynamics/../figures/power_work_energy/03-080.png  used on input line 4259.
(luatex.def)             Requested size: 223.38222pt x 209.56476pt.
[113<./particle_dynamics/../figures/power_work_energy/03-128.png>]
<particle_dynamics/../figures/power_work_energy/03-084.png, id=1746, 1224.575pt x 752.8125pt>
File: particle_dynamics/../figures/power_work_energy/03-084.png Graphic file (type png)
<use particle_dynamics/../figures/power_work_energy/03-084.png>
Package luatex.def Info: particle_dynamics/../figures/power_work_energy/03-084.png  used on input line 4272.
(luatex.def)             Requested size: 223.36629pt x 137.31534pt.
<particle_dynamics/../figures/power_work_energy/03-094.png, id=1747, 1224.575pt x 953.5625pt>
File: particle_dynamics/../figures/power_work_energy/03-094.png Graphic file (type png)
<use particle_dynamics/../figures/power_work_energy/03-094.png>
Package luatex.def Info: particle_dynamics/../figures/power_work_energy/03-094.png  used on input line 4286.
(luatex.def)             Requested size: 223.36629pt x 173.93277pt.
[114<./particle_dynamics/../figures/power_work_energy/03-080.png><./particle_dynamics/../figures/power_work_energy/03-084.png>]
<particle_dynamics/../figures/power_work_energy/03-101.png, id=1754, 1023.825pt x 803.0pt>
File: particle_dynamics/../figures/power_work_energy/03-101.png Graphic file (type png)
<use particle_dynamics/../figures/power_work_energy/03-101.png>
Package luatex.def Info: particle_dynamics/../figures/power_work_energy/03-101.png  used on input line 4299.
(luatex.def)             Requested size: 223.36752pt x 175.19022pt.
<particle_dynamics/../figures/power_work_energy/03-263.png, id=1755, 1124.2pt x 903.375pt>
File: particle_dynamics/../figures/power_work_energy/03-263.png Graphic file (type png)
<use particle_dynamics/../figures/power_work_energy/03-263.png>
Package luatex.def Info: particle_dynamics/../figures/power_work_energy/03-263.png  used on input line 4311.
(luatex.def)             Requested size: 223.37793pt x 179.50012pt.
[115<./particle_dynamics/../figures/power_work_energy/03-094.png><./particle_dynamics/../figures/power_work_energy/03-101.png>]
<particle_dynamics/../figures/power_work_energy/oor_5_1.png, id=1762, 1219.55624pt x 151.56625pt>
File: particle_dynamics/../figures/power_work_energy/oor_5_1.png Graphic file (type png)
<use particle_dynamics/../figures/power_work_energy/oor_5_1.png>
Package luatex.def Info: particle_dynamics/../figures/power_work_energy/oor_5_1.png  used on input line 4323.
(luatex.def)             Requested size: 312.72266pt x 38.86511pt.
<particle_dynamics/../figures/power_work_energy/oor_5_4.png, id=1763, 1219.55624pt x 197.73875pt>
File: particle_dynamics/../figures/power_work_energy/oor_5_4.png Graphic file (type png)
<use particle_dynamics/../figures/power_work_energy/oor_5_4.png>
Package luatex.def Info: particle_dynamics/../figures/power_work_energy/oor_5_4.png  used on input line 4335.
(luatex.def)             Requested size: 312.72266pt x 50.70482pt.
<particle_dynamics/../figures/power_work_energy/oor_5_6_7.png, id=1764, 1219.55624pt x 408.52625pt>
File: particle_dynamics/../figures/power_work_energy/oor_5_6_7.png Graphic file (type png)
<use particle_dynamics/../figures/power_work_energy/oor_5_6_7.png>
Package luatex.def Info: particle_dynamics/../figures/power_work_energy/oor_5_6_7.png  used on input line 4347.
(luatex.def)             Requested size: 312.72266pt x 104.75565pt.
[116<./particle_dynamics/../figures/power_work_energy/03-263.png><./particle_dynamics/../figures/power_work_energy/oor_5_1.png><./particle_dynamics/../figures/power_work_energy/oor_5_4.png>]
<particle_dynamics/../figures/power_work_energy/oor_5_8_9.png, id=1772, 1219.55624pt x 554.07pt>
File: particle_dynamics/../figures/power_work_energy/oor_5_8_9.png Graphic file (type png)
<use particle_dynamics/../figures/power_work_energy/oor_5_8_9.png>
Package luatex.def Info: particle_dynamics/../figures/power_work_energy/oor_5_8_9.png  used on input line 4359.
(luatex.def)             Requested size: 312.72266pt x 142.07646pt.
[117<./particle_dynamics/../figures/power_work_energy/oor_5_6_7.png><./particle_dynamics/../figures/power_work_energy/oor_5_8_9.png>]
chapter 17.
[118

]
<particle_dynamics/momenta_and_impulses_files/figure-pdf/unnamed-chunk-1-1.pdf, id=1792, 224.84pt x 121.45375pt>
File: particle_dynamics/momenta_and_impulses_files/figure-pdf/unnamed-chunk-1-1.pdf Graphic file (type pdf)
<use particle_dynamics/momenta_and_impulses_files/figure-pdf/unnamed-chunk-1-1.pdf>
Package luatex.def Info: particle_dynamics/momenta_and_impulses_files/figure-pdf/unnamed-chunk-1-1.pdf  used on input line 4470.
(luatex.def)             Requested size: 224.83945pt x 121.45343pt.
[119]
<particle_dynamics/momenta_and_impulses_files/figure-pdf/unnamed-chunk-2-1.pdf, id=1804, 234.8775pt x 160.6pt>
File: particle_dynamics/momenta_and_impulses_files/figure-pdf/unnamed-chunk-2-1.pdf Graphic file (type pdf)
<use particle_dynamics/momenta_and_impulses_files/figure-pdf/unnamed-chunk-2-1.pdf>
Package luatex.def Info: particle_dynamics/momenta_and_impulses_files/figure-pdf/unnamed-chunk-2-1.pdf  used on input line 4496.
(luatex.def)             Requested size: 234.87692pt x 160.5996pt.
[120<./particle_dynamics/momenta_and_impulses_files/figure-pdf/unnamed-chunk-1-1.pdf>] [121<./particle_dynamics/momenta_and_impulses_files/figure-pdf/unnamed-chunk-2-1.pdf>] [122]
<particle_dynamics/../figures/momenta_and_impulses/03-149.png, id=1874, 876.27374pt x 825.0825pt>
File: particle_dynamics/../figures/momenta_and_impulses/03-149.png Graphic file (type png)
<use particle_dynamics/../figures/momenta_and_impulses/03-149.png>
Package luatex.def Info: particle_dynamics/../figures/momenta_and_impulses/03-149.png  used on input line 4634.
(luatex.def)             Requested size: 223.3733pt x 210.324pt.
[123]
<particle_dynamics/../figures/momenta_and_impulses/03-159.png, id=1887, 1022.31938pt x 649.67719pt>
File: particle_dynamics/../figures/momenta_and_impulses/03-159.png Graphic file (type png)
<use particle_dynamics/../figures/momenta_and_impulses/03-159.png>
Package luatex.def Info: particle_dynamics/../figures/momenta_and_impulses/03-159.png  used on input line 4648.
(luatex.def)             Requested size: 223.36662pt x 141.948pt.
[124<./particle_dynamics/../figures/momenta_and_impulses/03-149.png><./particle_dynamics/../figures/momenta_and_impulses/03-159.png>]
<particle_dynamics/../figures/momenta_and_impulses/03-161.png, id=1897, 803.25093pt x 987.69pt>
File: particle_dynamics/../figures/momenta_and_impulses/03-161.png Graphic file (type png)
<use particle_dynamics/../figures/momenta_and_impulses/03-161.png>
Package luatex.def Info: particle_dynamics/../figures/momenta_and_impulses/03-161.png  used on input line 4664.
(luatex.def)             Requested size: 223.37665pt x 274.66745pt.
<particle_dynamics/../figures/momenta_and_impulses/03-167.png, id=1899, 876.27374pt x 749.04843pt>
File: particle_dynamics/../figures/momenta_and_impulses/03-167.png Graphic file (type png)
<use particle_dynamics/../figures/momenta_and_impulses/03-167.png>
Package luatex.def Info: particle_dynamics/../figures/momenta_and_impulses/03-167.png  used on input line 4678.
(luatex.def)             Requested size: 223.3733pt x 190.94196pt.
[125<./particle_dynamics/../figures/momenta_and_impulses/03-161.png>]
<particle_dynamics/../figures/momenta_and_impulses/03-177.png, id=1906, 876.27374pt x 977.90344pt>
File: particle_dynamics/../figures/momenta_and_impulses/03-177.png Graphic file (type png)
<use particle_dynamics/../figures/momenta_and_impulses/03-177.png>
Package luatex.def Info: particle_dynamics/../figures/momenta_and_impulses/03-177.png  used on input line 4691.
(luatex.def)             Requested size: 223.3733pt x 249.28001pt.
<particle_dynamics/../figures/momenta_and_impulses/03-185.png, id=1907, 803.25093pt x 776.14969pt>
File: particle_dynamics/../figures/momenta_and_impulses/03-185.png Graphic file (type png)
<use particle_dynamics/../figures/momenta_and_impulses/03-185.png>
Package luatex.def Info: particle_dynamics/../figures/momenta_and_impulses/03-185.png  used on input line 4703.
(luatex.def)             Requested size: 223.37665pt x 215.84004pt.
[126<./particle_dynamics/../figures/momenta_and_impulses/03-167.png><./particle_dynamics/../figures/momenta_and_impulses/03-177.png>]
<particle_dynamics/../figures/momenta_and_impulses/03-192.png, id=1915, 876.27374pt x 676.77844pt>
File: particle_dynamics/../figures/momenta_and_impulses/03-192.png Graphic file (type png)
<use particle_dynamics/../figures/momenta_and_impulses/03-192.png>
Package luatex.def Info: particle_dynamics/../figures/momenta_and_impulses/03-192.png  used on input line 4724.
(luatex.def)             Requested size: 223.3733pt x 172.51942pt.
[127<./particle_dynamics/../figures/momenta_and_impulses/03-185.png><./particle_dynamics/../figures/momenta_and_impulses/03-192.png>]
chapter 18.
<particle_dynamics/../figures/collisions/collision-stages.png, id=1925, 812.03375pt x 689.57625pt>
File: particle_dynamics/../figures/collisions/collision-stages.png Graphic file (type png)
<use particle_dynamics/../figures/collisions/collision-stages.png>
Package luatex.def Info: particle_dynamics/../figures/collisions/collision-stages.png  used on input line 4760.
(luatex.def)             Requested size: 223.37811pt x 189.69193pt.
[128

<./particle_dynamics/../figures/collisions/collision-stages.png>] [129] [130] [131] [132]
<particle_dynamics/../figures/collisions/problems/03-142.png, id=1972, 1219.55624pt x 413.545pt>
File: particle_dynamics/../figures/collisions/problems/03-142.png Graphic file (type png)
<use particle_dynamics/../figures/collisions/problems/03-142.png>
Package luatex.def Info: particle_dynamics/../figures/collisions/problems/03-142.png  used on input line 5010.
(luatex.def)             Requested size: 223.36269pt x 75.74109pt.
<particle_dynamics/../figures/collisions/problems/03-196.png, id=1973, 1219.55624pt x 391.4625pt>
File: particle_dynamics/../figures/collisions/problems/03-196.png Graphic file (type png)
<use particle_dynamics/../figures/collisions/problems/03-196.png>
Package luatex.def Info: particle_dynamics/../figures/collisions/problems/03-196.png  used on input line 5022.
(luatex.def)             Requested size: 223.36269pt x 71.69666pt.
<particle_dynamics/../figures/collisions/problems/03-197.png, id=1974, 1219.55624pt x 471.7625pt>
File: particle_dynamics/../figures/collisions/problems/03-197.png Graphic file (type png)
<use particle_dynamics/../figures/collisions/problems/03-197.png>
Package luatex.def Info: particle_dynamics/../figures/collisions/problems/03-197.png  used on input line 5034.
(luatex.def)             Requested size: 223.36269pt x 86.40367pt.
[133<./particle_dynamics/../figures/collisions/problems/03-142.png><./particle_dynamics/../figures/collisions/problems/03-196.png>]
<particle_dynamics/../figures/collisions/problems/03-201.png, id=1983, 1219.55624pt x 534.99875pt>
File: particle_dynamics/../figures/collisions/problems/03-201.png Graphic file (type png)
<use particle_dynamics/../figures/collisions/problems/03-201.png>
Package luatex.def Info: particle_dynamics/../figures/collisions/problems/03-201.png  used on input line 5046.
(luatex.def)             Requested size: 223.36269pt x 97.98544pt.
<particle_dynamics/../figures/collisions/problems/03-212.png, id=1984, 1219.55624pt x 720.6925pt>
File: particle_dynamics/../figures/collisions/problems/03-212.png Graphic file (type png)
<use particle_dynamics/../figures/collisions/problems/03-212.png>
Package luatex.def Info: particle_dynamics/../figures/collisions/problems/03-212.png  used on input line 5058.
(luatex.def)             Requested size: 223.36269pt x 131.9954pt.
[134<./particle_dynamics/../figures/collisions/problems/03-197.png><./particle_dynamics/../figures/collisions/problems/03-201.png><./particle_dynamics/../figures/collisions/problems/03-212.png>]
part III.
Package scrkbase Info: You've told me to use the font selection of the element
(scrkbase)             `partprefix' that is an alias of element `partnumber'
(scrkbase)              on input line 5066.
[135

]
chapter 19.
<system_of_particles/system_of_particles_files/figure-pdf/unnamed-chunk-1-1.pdf, id=1997, 283.0575pt x 177.66376pt>
File: system_of_particles/system_of_particles_files/figure-pdf/unnamed-chunk-1-1.pdf Graphic file (type pdf)
<use system_of_particles/system_of_particles_files/figure-pdf/unnamed-chunk-1-1.pdf>
Package luatex.def Info: system_of_particles/system_of_particles_files/figure-pdf/unnamed-chunk-1-1.pdf  used on input line 5071.
(luatex.def)             Requested size: 283.0568pt x 177.66331pt.
[136

<./system_of_particles/system_of_particles_files/figure-pdf/unnamed-chunk-1-1.pdf>]
<system_of_particles/system_of_particles_files/figure-pdf/unnamed-chunk-2-1.pdf, id=2028, 135.50626pt x 77.28876pt>
File: system_of_particles/system_of_particles_files/figure-pdf/unnamed-chunk-2-1.pdf Graphic file (type pdf)
<use system_of_particles/system_of_particles_files/figure-pdf/unnamed-chunk-2-1.pdf>
Package luatex.def Info: system_of_particles/system_of_particles_files/figure-pdf/unnamed-chunk-2-1.pdf  used on input line 5111.
(luatex.def)             Requested size: 135.5059pt x 77.28856pt.
[137<./system_of_particles/system_of_particles_files/figure-pdf/unnamed-chunk-2-1.pdf>] [138] [139] [140] [141]
<system_of_particles/../figures/system_of_particles/03-168.png, id=2098, 657.2053pt x 759.58781pt>
File: system_of_particles/../figures/system_of_particles/03-168.png Graphic file (type png)
<use system_of_particles/../figures/system_of_particles/03-168.png>
Package luatex.def Info: system_of_particles/../figures/system_of_particles/03-168.png  used on input line 5378.
(luatex.def)             Requested size: 223.37665pt x 258.17531pt.
[142]
<system_of_particles/../figures/system_of_particles/03-178.png, id=2110, 657.2053pt x 712.91344pt>
File: system_of_particles/../figures/system_of_particles/03-178.png Graphic file (type png)
<use system_of_particles/../figures/system_of_particles/03-178.png>
Package luatex.def Info: system_of_particles/../figures/system_of_particles/03-178.png  used on input line 5391.
(luatex.def)             Requested size: 223.37665pt x 242.31122pt.
[143<./system_of_particles/../figures/system_of_particles/03-168.png>]
<system_of_particles/../figures/system_of_particles/04-008.png, id=2117, 657.2053pt x 876.27374pt>
File: system_of_particles/../figures/system_of_particles/04-008.png Graphic file (type png)
<use system_of_particles/../figures/system_of_particles/04-008.png>
Package luatex.def Info: system_of_particles/../figures/system_of_particles/04-008.png  used on input line 5404.
(luatex.def)             Requested size: 223.37665pt x 297.83553pt.
[144<./system_of_particles/../figures/system_of_particles/03-178.png>]
<system_of_particles/../figures/system_of_particles/04-009.png, id=2123, 657.2053pt x 877.77937pt>
File: system_of_particles/../figures/system_of_particles/04-009.png Graphic file (type png)
<use system_of_particles/../figures/system_of_particles/04-009.png>
Package luatex.def Info: system_of_particles/../figures/system_of_particles/04-009.png  used on input line 5417.
(luatex.def)             Requested size: 223.37665pt x 298.34727pt.
[145<./system_of_particles/../figures/system_of_particles/04-008.png>]
<system_of_particles/../figures/system_of_particles/04-019.png, id=2129, 876.27374pt x 730.22812pt>
File: system_of_particles/../figures/system_of_particles/04-019.png Graphic file (type png)
<use system_of_particles/../figures/system_of_particles/04-019.png>
Package luatex.def Info: system_of_particles/../figures/system_of_particles/04-019.png  used on input line 5431.
(luatex.def)             Requested size: 223.3733pt x 186.14442pt.
[146<./system_of_particles/../figures/system_of_particles/04-009.png>] [147<./system_of_particles/../figures/system_of_particles/04-019.png>]
part IV.
Package scrkbase Info: You've told me to use the font selection of the element
(scrkbase)             `partprefix' that is an alias of element `partnumber'
(scrkbase)              on input line 5439.
[148

]
chapter 20.
<rigid_body_dynamics/rigid_body_kinematics_files/figure-pdf/unnamed-chunk-1-1.pdf, id=2145, 318.18875pt x 207.77625pt>
File: rigid_body_dynamics/rigid_body_kinematics_files/figure-pdf/unnamed-chunk-1-1.pdf Graphic file (type pdf)
<use rigid_body_dynamics/rigid_body_kinematics_files/figure-pdf/unnamed-chunk-1-1.pdf>
Package luatex.def Info: rigid_body_dynamics/rigid_body_kinematics_files/figure-pdf/unnamed-chunk-1-1.pdf  used on input line 5449.
(luatex.def)             Requested size: 318.18796pt x 207.77573pt.
[149

<./rigid_body_dynamics/rigid_body_kinematics_files/figure-pdf/unnamed-chunk-1-1.pdf>]
<rigid_body_dynamics/rigid_body_kinematics_files/figure-pdf/unnamed-chunk-2-1.pdf, id=2194, 465.74pt x 294.09875pt>
File: rigid_body_dynamics/rigid_body_kinematics_files/figure-pdf/unnamed-chunk-2-1.pdf Graphic file (type pdf)
<use rigid_body_dynamics/rigid_body_kinematics_files/figure-pdf/unnamed-chunk-2-1.pdf>
Package luatex.def Info: rigid_body_dynamics/rigid_body_kinematics_files/figure-pdf/unnamed-chunk-2-1.pdf  used on input line 5500.
(luatex.def)             Requested size: 465.73886pt x 294.09802pt.
[150<./rigid_body_dynamics/rigid_body_kinematics_files/figure-pdf/unnamed-chunk-2-1.pdf>]
<rigid_body_dynamics/rigid_body_kinematics_files/figure-pdf/unnamed-chunk-3-1.pdf, id=2240, 306.14375pt x 168.63pt>
File: rigid_body_dynamics/rigid_body_kinematics_files/figure-pdf/unnamed-chunk-3-1.pdf Graphic file (type pdf)
<use rigid_body_dynamics/rigid_body_kinematics_files/figure-pdf/unnamed-chunk-3-1.pdf>
Package luatex.def Info: rigid_body_dynamics/rigid_body_kinematics_files/figure-pdf/unnamed-chunk-3-1.pdf  used on input line 5545.
(luatex.def)             Requested size: 306.14299pt x 168.62958pt.
<rigid_body_dynamics/rigid_body_kinematics_files/figure-pdf/unnamed-chunk-4-1.pdf, id=2241, 341.275pt x 134.5025pt>
File: rigid_body_dynamics/rigid_body_kinematics_files/figure-pdf/unnamed-chunk-4-1.pdf Graphic file (type pdf)
<use rigid_body_dynamics/rigid_body_kinematics_files/figure-pdf/unnamed-chunk-4-1.pdf>
Package luatex.def Info: rigid_body_dynamics/rigid_body_kinematics_files/figure-pdf/unnamed-chunk-4-1.pdf  used on input line 5561.
(luatex.def)             Requested size: 341.27415pt x 134.50215pt.
[151<./rigid_body_dynamics/rigid_body_kinematics_files/figure-pdf/unnamed-chunk-3-1.pdf>] [152<./rigid_body_dynamics/rigid_body_kinematics_files/figure-pdf/unnamed-chunk-4-1.pdf>] [153] [154] [155] [156] [157] [158]
Overfull \hbox (247.45084pt too wide) detected at line 6022
[]
 []


Underfull \hbox (badness 6157) in paragraph at lines 6022--6027
\TU/lmr/m/n/10.95 . The bal-ance of lin-ear mo-men-tum for par-ti-cle $\TU/latinmodern-math.otf(1)/b/n/10.95 𝐵$ \TU/lmr/m/n/10.95 in the non-in-er-tial
 []


Underfull \hbox (badness 1960) in paragraph at lines 6022--6027
\TU/lmr/m/n/10.95 frame is the same as in an in-er-tial frame, ex-cept that the fic-ti-tious forces
 []

[159] [160]
<rigid_body_dynamics/rigid_body_kinematics_files/figure-pdf/unnamed-chunk-5-1.pdf, id=2390, 202.7575pt x 150.5625pt>
File: rigid_body_dynamics/rigid_body_kinematics_files/figure-pdf/unnamed-chunk-5-1.pdf Graphic file (type pdf)
<use rigid_body_dynamics/rigid_body_kinematics_files/figure-pdf/unnamed-chunk-5-1.pdf>
Package luatex.def Info: rigid_body_dynamics/rigid_body_kinematics_files/figure-pdf/unnamed-chunk-5-1.pdf  used on input line 6101.
(luatex.def)             Requested size: 202.757pt x 150.56212pt.
[161]
<rigid_body_dynamics/rigid_body_kinematics_files/figure-pdf/unnamed-chunk-6-1.pdf, id=2402, 219.82124pt x 125.46875pt>
File: rigid_body_dynamics/rigid_body_kinematics_files/figure-pdf/unnamed-chunk-6-1.pdf Graphic file (type pdf)
<use rigid_body_dynamics/rigid_body_kinematics_files/figure-pdf/unnamed-chunk-6-1.pdf>
Package luatex.def Info: rigid_body_dynamics/rigid_body_kinematics_files/figure-pdf/unnamed-chunk-6-1.pdf  used on input line 6134.
(luatex.def)             Requested size: 219.8207pt x 125.46843pt.
[162<./rigid_body_dynamics/rigid_body_kinematics_files/figure-pdf/unnamed-chunk-5-1.pdf><./rigid_body_dynamics/rigid_body_kinematics_files/figure-pdf/unnamed-chunk-6-1.pdf>] [163]
<rigid_body_dynamics/rigid_body_kinematics_files/figure-pdf/unnamed-chunk-7-1.pdf, id=2465, 416.55624pt x 183.68625pt>
File: rigid_body_dynamics/rigid_body_kinematics_files/figure-pdf/unnamed-chunk-7-1.pdf Graphic file (type pdf)
<use rigid_body_dynamics/rigid_body_kinematics_files/figure-pdf/unnamed-chunk-7-1.pdf>
Package luatex.def Info: rigid_body_dynamics/rigid_body_kinematics_files/figure-pdf/unnamed-chunk-7-1.pdf  used on input line 6267.
(luatex.def)             Requested size: 416.55522pt x 183.68578pt.
[164] [165<./rigid_body_dynamics/rigid_body_kinematics_files/figure-pdf/unnamed-chunk-7-1.pdf>] [166] [167]
Overfull \hbox (124.68718pt too wide) detected at line 6400
[]
 []


Overfull \hbox (10.95pt too wide) in paragraph at lines 6400--6400
[] 
 []

[168]
<rigid_body_dynamics/rigid_body_kinematics_files/figure-pdf/unnamed-chunk-8-1.pdf, id=2561, 94.3525pt x 137.51375pt>
File: rigid_body_dynamics/rigid_body_kinematics_files/figure-pdf/unnamed-chunk-8-1.pdf Graphic file (type pdf)
<use rigid_body_dynamics/rigid_body_kinematics_files/figure-pdf/unnamed-chunk-8-1.pdf>
Package luatex.def Info: rigid_body_dynamics/rigid_body_kinematics_files/figure-pdf/unnamed-chunk-8-1.pdf  used on input line 6435.
(luatex.def)             Requested size: 94.35225pt x 137.51341pt.
[169<./rigid_body_dynamics/rigid_body_kinematics_files/figure-pdf/unnamed-chunk-8-1.pdf>]
<rigid_body_dynamics/rigid_body_kinematics_files/figure-pdf/unnamed-chunk-9-1.pdf, id=2593, 146.5475pt x 146.5475pt>
File: rigid_body_dynamics/rigid_body_kinematics_files/figure-pdf/unnamed-chunk-9-1.pdf Graphic file (type pdf)
<use rigid_body_dynamics/rigid_body_kinematics_files/figure-pdf/unnamed-chunk-9-1.pdf>
Package luatex.def Info: rigid_body_dynamics/rigid_body_kinematics_files/figure-pdf/unnamed-chunk-9-1.pdf  used on input line 6463.
(luatex.def)             Requested size: 146.54712pt x 146.54712pt.
[170<./rigid_body_dynamics/rigid_body_kinematics_files/figure-pdf/unnamed-chunk-9-1.pdf>]
Overfull \hbox (25.40038pt too wide) detected at line 6498
[]
 []


Overfull \hbox (10.95pt too wide) in paragraph at lines 6498--6498
[] 
 []


Overfull \hbox (71.53615pt too wide) detected at line 6528
[]
 []


Overfull \hbox (10.95pt too wide) in paragraph at lines 6528--6528
[] 
 []

[171] [172]
<rigid_body_dynamics/../figures/rigid_body_kinematics/problems/05-010.png, id=2666, 633.36626pt x 603.25375pt>
File: rigid_body_dynamics/../figures/rigid_body_kinematics/problems/05-010.png Graphic file (type png)
<use rigid_body_dynamics/../figures/rigid_body_kinematics/problems/05-010.png>
Package luatex.def Info: rigid_body_dynamics/../figures/rigid_body_kinematics/problems/05-010.png  used on input line 6625.
(luatex.def)             Requested size: 223.37277pt x 212.75282pt.
[173]
<rigid_body_dynamics/../figures/rigid_body_kinematics/problems/05-013.png, id=2681, 633.36626pt x 553.06625pt>
File: rigid_body_dynamics/../figures/rigid_body_kinematics/problems/05-013.png Graphic file (type png)
<use rigid_body_dynamics/../figures/rigid_body_kinematics/problems/05-013.png>
Package luatex.def Info: rigid_body_dynamics/../figures/rigid_body_kinematics/problems/05-013.png  used on input line 6639.
(luatex.def)             Requested size: 223.37277pt x 195.05292pt.
[174<./rigid_body_dynamics/../figures/rigid_body_kinematics/problems/05-010.png>]
<rigid_body_dynamics/../figures/rigid_body_kinematics/problems/05-018.png, id=2689, 633.36626pt x 568.1225pt>
File: rigid_body_dynamics/../figures/rigid_body_kinematics/problems/05-018.png Graphic file (type png)
<use rigid_body_dynamics/../figures/rigid_body_kinematics/problems/05-018.png>
Package luatex.def Info: rigid_body_dynamics/../figures/rigid_body_kinematics/problems/05-018.png  used on input line 6653.
(luatex.def)             Requested size: 223.37277pt x 200.36288pt.
<rigid_body_dynamics/../figures/rigid_body_kinematics/problems/05-049.png, id=2690, 633.36626pt x 493.845pt>
File: rigid_body_dynamics/../figures/rigid_body_kinematics/problems/05-049.png Graphic file (type png)
<use rigid_body_dynamics/../figures/rigid_body_kinematics/problems/05-049.png>
Package luatex.def Info: rigid_body_dynamics/../figures/rigid_body_kinematics/problems/05-049.png  used on input line 6666.
(luatex.def)             Requested size: 223.37277pt x 174.16704pt.
[175<./rigid_body_dynamics/../figures/rigid_body_kinematics/problems/05-013.png><./rigid_body_dynamics/../figures/rigid_body_kinematics/problems/05-018.png>]
<rigid_body_dynamics/../figures/rigid_body_kinematics/problems/05-065.png, id=2697, 633.36626pt x 696.6025pt>
File: rigid_body_dynamics/../figures/rigid_body_kinematics/problems/05-065.png Graphic file (type png)
<use rigid_body_dynamics/../figures/rigid_body_kinematics/problems/05-065.png>
Package luatex.def Info: rigid_body_dynamics/../figures/rigid_body_kinematics/problems/05-065.png  used on input line 6678.
(luatex.def)             Requested size: 223.37277pt x 245.67465pt.
<rigid_body_dynamics/../figures/rigid_body_kinematics/problems/05-069.png, id=2698, 633.36626pt x 619.31375pt>
File: rigid_body_dynamics/../figures/rigid_body_kinematics/problems/05-069.png Graphic file (type png)
<use rigid_body_dynamics/../figures/rigid_body_kinematics/problems/05-069.png>
Package luatex.def Info: rigid_body_dynamics/../figures/rigid_body_kinematics/problems/05-069.png  used on input line 6691.
(luatex.def)             Requested size: 223.37277pt x 218.4168pt.
[176<./rigid_body_dynamics/../figures/rigid_body_kinematics/problems/05-049.png><./rigid_body_dynamics/../figures/rigid_body_kinematics/problems/05-065.png>]
<rigid_body_dynamics/../figures/rigid_body_kinematics/problems/05-102.png, id=2705, 633.36626pt x 708.6475pt>
File: rigid_body_dynamics/../figures/rigid_body_kinematics/problems/05-102.png Graphic file (type png)
<use rigid_body_dynamics/../figures/rigid_body_kinematics/problems/05-102.png>
Package luatex.def Info: rigid_body_dynamics/../figures/rigid_body_kinematics/problems/05-102.png  used on input line 6707.
(luatex.def)             Requested size: 223.37277pt x 249.92262pt.
[177<./rigid_body_dynamics/../figures/rigid_body_kinematics/problems/05-069.png>]
<rigid_body_dynamics/../figures/rigid_body_kinematics/problems/05-125.png, id=2713, 633.36626pt x 638.385pt>
File: rigid_body_dynamics/../figures/rigid_body_kinematics/problems/05-125.png Graphic file (type png)
<use rigid_body_dynamics/../figures/rigid_body_kinematics/problems/05-125.png>
Package luatex.def Info: rigid_body_dynamics/../figures/rigid_body_kinematics/problems/05-125.png  used on input line 6723.
(luatex.def)             Requested size: 223.37277pt x 225.14276pt.
[178<./rigid_body_dynamics/../figures/rigid_body_kinematics/problems/05-102.png>]
<rigid_body_dynamics/../figures/rigid_body_kinematics/problems/05-143.png, id=2721, 633.36626pt x 630.355pt>
File: rigid_body_dynamics/../figures/rigid_body_kinematics/problems/05-143.png Graphic file (type png)
<use rigid_body_dynamics/../figures/rigid_body_kinematics/problems/05-143.png>
Package luatex.def Info: rigid_body_dynamics/../figures/rigid_body_kinematics/problems/05-143.png  used on input line 6740.
(luatex.def)             Requested size: 223.37277pt x 222.31078pt.
[179<./rigid_body_dynamics/../figures/rigid_body_kinematics/problems/05-125.png><./rigid_body_dynamics/../figures/rigid_body_kinematics/problems/05-143.png>]
<rigid_body_dynamics/../figures/rigid_body_kinematics/problems/05-055.png, id=2730, 734.745pt x 504.88625pt>
File: rigid_body_dynamics/../figures/rigid_body_kinematics/problems/05-055.png Graphic file (type png)
<use rigid_body_dynamics/../figures/rigid_body_kinematics/problems/05-055.png>
Package luatex.def Info: rigid_body_dynamics/../figures/rigid_body_kinematics/problems/05-055.png  used on input line 6758.
(luatex.def)             Requested size: 223.37376pt x 153.49316pt.
<rigid_body_dynamics/../figures/rigid_body_kinematics/problems/05-087.png, id=2731, 734.745pt x 597.23125pt>
File: rigid_body_dynamics/../figures/rigid_body_kinematics/problems/05-087.png Graphic file (type png)
<use rigid_body_dynamics/../figures/rigid_body_kinematics/problems/05-087.png>
Package luatex.def Info: rigid_body_dynamics/../figures/rigid_body_kinematics/problems/05-087.png  used on input line 6771.
(luatex.def)             Requested size: 223.37376pt x 181.56747pt.
<rigid_body_dynamics/../figures/rigid_body_kinematics/problems/05-091.png, id=2732, 430.60875pt x 438.63875pt>
File: rigid_body_dynamics/../figures/rigid_body_kinematics/problems/05-091.png Graphic file (type png)
<use rigid_body_dynamics/../figures/rigid_body_kinematics/problems/05-091.png>
Package luatex.def Info: rigid_body_dynamics/../figures/rigid_body_kinematics/problems/05-091.png  used on input line 6784.
(luatex.def)             Requested size: 223.3856pt x 227.55132pt.
[180<./rigid_body_dynamics/../figures/rigid_body_kinematics/problems/05-055.png><./rigid_body_dynamics/../figures/rigid_body_kinematics/problems/05-087.png>]
<rigid_body_dynamics/../figures/rigid_body_kinematics/problems/05-093.png, id=2741, 531.9875pt x 382.42876pt>
File: rigid_body_dynamics/../figures/rigid_body_kinematics/problems/05-093.png Graphic file (type png)
<use rigid_body_dynamics/../figures/rigid_body_kinematics/problems/05-093.png>
Package luatex.def Info: rigid_body_dynamics/../figures/rigid_body_kinematics/problems/05-093.png  used on input line 6796.
(luatex.def)             Requested size: 223.3764pt x 160.57813pt.
<rigid_body_dynamics/../figures/rigid_body_kinematics/problems/05-100.png, id=2742, 531.9875pt x 455.7025pt>
File: rigid_body_dynamics/../figures/rigid_body_kinematics/problems/05-100.png Graphic file (type png)
<use rigid_body_dynamics/../figures/rigid_body_kinematics/problems/05-100.png>
Package luatex.def Info: rigid_body_dynamics/../figures/rigid_body_kinematics/problems/05-100.png  used on input line 6810.
(luatex.def)             Requested size: 223.3764pt x 191.34506pt.
[181<./rigid_body_dynamics/../figures/rigid_body_kinematics/problems/05-091.png><./rigid_body_dynamics/../figures/rigid_body_kinematics/problems/05-093.png>]
<rigid_body_dynamics/../figures/rigid_body_kinematics/problems/B-004.png, id=2751, 702.625pt x 481.8pt>
File: rigid_body_dynamics/../figures/rigid_body_kinematics/problems/B-004.png Graphic file (type png)
<use rigid_body_dynamics/../figures/rigid_body_kinematics/problems/B-004.png>
Package luatex.def Info: rigid_body_dynamics/../figures/rigid_body_kinematics/problems/B-004.png  used on input line 6826.
(luatex.def)             Requested size: 223.37578pt x 153.17197pt.
<rigid_body_dynamics/../figures/rigid_body_kinematics/problems/B-029.png, id=2752, 702.625pt x 426.59375pt>
File: rigid_body_dynamics/../figures/rigid_body_kinematics/problems/B-029.png Graphic file (type png)
<use rigid_body_dynamics/../figures/rigid_body_kinematics/problems/B-029.png>
Package luatex.def Info: rigid_body_dynamics/../figures/rigid_body_kinematics/problems/B-029.png  used on input line 6840.
(luatex.def)             Requested size: 223.37578pt x 135.621pt.
[182<./rigid_body_dynamics/../figures/rigid_body_kinematics/problems/05-100.png><./rigid_body_dynamics/../figures/rigid_body_kinematics/problems/B-004.png>]
<rigid_body_dynamics/../figures/rigid_body_kinematics/problems/B-032.png, id=2760, 752.8125pt x 642.4pt>
File: rigid_body_dynamics/../figures/rigid_body_kinematics/problems/B-032.png Graphic file (type png)
<use rigid_body_dynamics/../figures/rigid_body_kinematics/problems/B-032.png>
Package luatex.def Info: rigid_body_dynamics/../figures/rigid_body_kinematics/problems/B-032.png  used on input line 6852.
(luatex.def)             Requested size: 223.37578pt x 190.61401pt.
<rigid_body_dynamics/../figures/rigid_body_kinematics/problems/B-034.png, id=2761, 752.8125pt x 521.95pt>
File: rigid_body_dynamics/../figures/rigid_body_kinematics/problems/B-034.png Graphic file (type png)
<use rigid_body_dynamics/../figures/rigid_body_kinematics/problems/B-034.png>
Package luatex.def Info: rigid_body_dynamics/../figures/rigid_body_kinematics/problems/B-034.png  used on input line 6865.
(luatex.def)             Requested size: 223.37578pt x 154.87387pt.
[183<./rigid_body_dynamics/../figures/rigid_body_kinematics/problems/B-029.png><./rigid_body_dynamics/../figures/rigid_body_kinematics/problems/B-032.png>] [184<./rigid_body_dynamics/../figures/rigid_body_kinematics/problems/B-034.png>]
chapter 21.
<rigid_body_dynamics/rigid_body_kinetics_files/figure-pdf/unnamed-chunk-1-1.pdf, id=2773, 270.00874pt x 198.7425pt>
File: rigid_body_dynamics/rigid_body_kinetics_files/figure-pdf/unnamed-chunk-1-1.pdf Graphic file (type pdf)
<use rigid_body_dynamics/rigid_body_kinetics_files/figure-pdf/unnamed-chunk-1-1.pdf>
Package luatex.def Info: rigid_body_dynamics/rigid_body_kinetics_files/figure-pdf/unnamed-chunk-1-1.pdf  used on input line 6898.
(luatex.def)             Requested size: 270.00807pt x 198.742pt.
[185

] [186<./rigid_body_dynamics/rigid_body_kinetics_files/figure-pdf/unnamed-chunk-1-1.pdf>]
LaTeX Font Info:    Font shape `TU/latinmodern-math.otf(1)/m/n' will be
(Font)              scaled to size 12.0pt on input line 6930.
LaTeX Font Info:    Font shape `TU/latinmodern-math.otf(1)/m/n' will be
(Font)              scaled to size 8.0pt on input line 6930.
LaTeX Font Info:    Font shape `TU/latinmodern-math.otf(1)/m/n' will be
(Font)              scaled to size 6.0pt on input line 6930.
LaTeX Font Info:    Font shape `TU/latinmodern-math.otf(2)/m/n' will be
(Font)              scaled to size 12.0pt on input line 6930.
LaTeX Font Info:    Font shape `TU/latinmodern-math.otf(2)/m/n' will be
(Font)              scaled to size 8.0pt on input line 6930.
LaTeX Font Info:    Font shape `TU/latinmodern-math.otf(2)/m/n' will be
(Font)              scaled to size 6.0pt on input line 6930.
LaTeX Font Info:    Font shape `TU/latinmodern-math.otf(3)/m/n' will be
(Font)              scaled to size 12.0pt on input line 6930.
LaTeX Font Info:    Font shape `TU/latinmodern-math.otf(3)/m/n' will be
(Font)              scaled to size 8.0pt on input line 6930.
LaTeX Font Info:    Font shape `TU/latinmodern-math.otf(3)/m/n' will be
(Font)              scaled to size 6.0pt on input line 6930.
[187] [188]
<rigid_body_dynamics/rigid_body_kinetics_files/figure-pdf/unnamed-chunk-2-1.pdf, id=2850, 101.37875pt x 117.43875pt>
File: rigid_body_dynamics/rigid_body_kinetics_files/figure-pdf/unnamed-chunk-2-1.pdf Graphic file (type pdf)
<use rigid_body_dynamics/rigid_body_kinetics_files/figure-pdf/unnamed-chunk-2-1.pdf>
Package luatex.def Info: rigid_body_dynamics/rigid_body_kinetics_files/figure-pdf/unnamed-chunk-2-1.pdf  used on input line 7036.
(luatex.def)             Requested size: 101.3785pt x 117.43845pt.
[189<./rigid_body_dynamics/rigid_body_kinetics_files/figure-pdf/unnamed-chunk-2-1.pdf>]
<rigid_body_dynamics/../figures/rigid_body_kinetics/problems/06-006.png, id=2881, 742.775pt x 542.025pt>
File: rigid_body_dynamics/../figures/rigid_body_kinetics/problems/06-006.png Graphic file (type png)
<use rigid_body_dynamics/../figures/rigid_body_kinetics/problems/06-006.png>
Package luatex.def Info: rigid_body_dynamics/../figures/rigid_body_kinetics/problems/06-006.png  used on input line 7104.
(luatex.def)             Requested size: 223.37823pt x 163.00574pt.
[190]
<rigid_body_dynamics/../figures/rigid_body_kinetics/problems/06-012.png, id=2894, 742.775pt x 732.7375pt>
File: rigid_body_dynamics/../figures/rigid_body_kinetics/problems/06-012.png Graphic file (type png)
<use rigid_body_dynamics/../figures/rigid_body_kinetics/problems/06-012.png>
Package luatex.def Info: rigid_body_dynamics/../figures/rigid_body_kinetics/problems/06-012.png  used on input line 7116.
(luatex.def)             Requested size: 223.37823pt x 220.35962pt.
<rigid_body_dynamics/../figures/rigid_body_kinetics/problems/06-013.png, id=2895, 752.8125pt x 471.7625pt>
File: rigid_body_dynamics/../figures/rigid_body_kinetics/problems/06-013.png Graphic file (type png)
<use rigid_body_dynamics/../figures/rigid_body_kinetics/problems/06-013.png>
Package luatex.def Info: rigid_body_dynamics/../figures/rigid_body_kinetics/problems/06-013.png  used on input line 7129.
(luatex.def)             Requested size: 223.37578pt x 139.98215pt.
[191<./rigid_body_dynamics/../figures/rigid_body_kinetics/problems/06-006.png><./rigid_body_dynamics/../figures/rigid_body_kinetics/problems/06-012.png>]
<rigid_body_dynamics/../figures/rigid_body_kinetics/problems/06-022.png, id=2903, 752.8125pt x 612.2875pt>
File: rigid_body_dynamics/../figures/rigid_body_kinetics/problems/06-022.png Graphic file (type png)
<use rigid_body_dynamics/../figures/rigid_body_kinetics/problems/06-022.png>
Package luatex.def Info: rigid_body_dynamics/../figures/rigid_body_kinetics/problems/06-022.png  used on input line 7141.
(luatex.def)             Requested size: 223.37578pt x 181.67897pt.
<rigid_body_dynamics/../figures/rigid_body_kinetics/problems/06-029.png, id=2904, 624.83438pt x 680.5425pt>
File: rigid_body_dynamics/../figures/rigid_body_kinetics/problems/06-029.png Graphic file (type png)
<use rigid_body_dynamics/../figures/rigid_body_kinetics/problems/06-029.png>
Package luatex.def Info: rigid_body_dynamics/../figures/rigid_body_kinetics/problems/06-029.png  used on input line 7157.
(luatex.def)             Requested size: 223.37659pt x 243.2921pt.
[192<./rigid_body_dynamics/../figures/rigid_body_kinetics/problems/06-013.png><./rigid_body_dynamics/../figures/rigid_body_kinetics/problems/06-022.png>]
<rigid_body_dynamics/../figures/rigid_body_kinetics/problems/06-035.png, id=2912, 567.62062pt x 593.21625pt>
File: rigid_body_dynamics/../figures/rigid_body_kinetics/problems/06-035.png Graphic file (type png)
<use rigid_body_dynamics/../figures/rigid_body_kinetics/problems/06-035.png>
Package luatex.def Info: rigid_body_dynamics/../figures/rigid_body_kinetics/problems/06-035.png  used on input line 7169.
(luatex.def)             Requested size: 223.38054pt x 233.4534pt.
[193<./rigid_body_dynamics/../figures/rigid_body_kinetics/problems/06-029.png><./rigid_body_dynamics/../figures/rigid_body_kinetics/problems/06-035.png>]
<rigid_body_dynamics/../figures/rigid_body_kinetics/problems/06-037.png, id=2920, 576.65437pt x 442.65375pt>
File: rigid_body_dynamics/../figures/rigid_body_kinetics/problems/06-037.png Graphic file (type png)
<use rigid_body_dynamics/../figures/rigid_body_kinetics/problems/06-037.png>
Package luatex.def Info: rigid_body_dynamics/../figures/rigid_body_kinetics/problems/06-037.png  used on input line 7183.
(luatex.def)             Requested size: 223.38086pt x 171.4725pt.
<rigid_body_dynamics/../figures/rigid_body_kinetics/problems/06-039.png, id=2921, 572.1375pt x 444.15938pt>
File: rigid_body_dynamics/../figures/rigid_body_kinetics/problems/06-039.png Graphic file (type png)
<use rigid_body_dynamics/../figures/rigid_body_kinetics/problems/06-039.png>
Package luatex.def Info: rigid_body_dynamics/../figures/rigid_body_kinetics/problems/06-039.png  used on input line 7196.
(luatex.def)             Requested size: 223.37717pt x 173.41121pt.
<rigid_body_dynamics/../figures/rigid_body_kinetics/problems/06-051.png, id=2922, 742.775pt x 682.55pt>
File: rigid_body_dynamics/../figures/rigid_body_kinetics/problems/06-051.png Graphic file (type png)
<use rigid_body_dynamics/../figures/rigid_body_kinetics/problems/06-051.png>
Package luatex.def Info: rigid_body_dynamics/../figures/rigid_body_kinetics/problems/06-051.png  used on input line 7208.
(luatex.def)             Requested size: 223.37823pt x 205.2665pt.
[194<./rigid_body_dynamics/../figures/rigid_body_kinetics/problems/06-037.png><./rigid_body_dynamics/../figures/rigid_body_kinetics/problems/06-039.png>]
<rigid_body_dynamics/../figures/rigid_body_kinetics/problems/06-054.png, id=2931, 570.63188pt x 560.0925pt>
File: rigid_body_dynamics/../figures/rigid_body_kinetics/problems/06-054.png Graphic file (type png)
<use rigid_body_dynamics/../figures/rigid_body_kinetics/problems/06-054.png>
Package luatex.def Info: rigid_body_dynamics/../figures/rigid_body_kinetics/problems/06-054.png  used on input line 7223.
(luatex.def)             Requested size: 223.38142pt x 219.25563pt.
<rigid_body_dynamics/../figures/rigid_body_kinetics/problems/07-066.png, id=2932, 409.53pt x 367.3725pt>
File: rigid_body_dynamics/../figures/rigid_body_kinetics/problems/07-066.png Graphic file (type png)
<use rigid_body_dynamics/../figures/rigid_body_kinetics/problems/07-066.png>
Package luatex.def Info: rigid_body_dynamics/../figures/rigid_body_kinetics/problems/07-066.png  used on input line 7236.
(luatex.def)             Requested size: 223.38626pt x 200.39061pt.
[195<./rigid_body_dynamics/../figures/rigid_body_kinetics/problems/06-051.png><./rigid_body_dynamics/../figures/rigid_body_kinetics/problems/06-054.png>]
<rigid_body_dynamics/../figures/rigid_body_kinetics/problems/06-061.png, id=2941, 752.8125pt x 572.1375pt>
File: rigid_body_dynamics/../figures/rigid_body_kinetics/problems/06-061.png Graphic file (type png)
<use rigid_body_dynamics/../figures/rigid_body_kinetics/problems/06-061.png>
Package luatex.def Info: rigid_body_dynamics/../figures/rigid_body_kinetics/problems/06-061.png  used on input line 7254.
(luatex.def)             Requested size: 223.37578pt x 169.7656pt.
<rigid_body_dynamics/../figures/rigid_body_kinetics/problems/06-062.png, id=2942, 943.525pt x 908.39375pt>
File: rigid_body_dynamics/../figures/rigid_body_kinetics/problems/06-062.png Graphic file (type png)
<use rigid_body_dynamics/../figures/rigid_body_kinetics/problems/06-062.png>
Package luatex.def Info: rigid_body_dynamics/../figures/rigid_body_kinetics/problems/06-062.png  used on input line 7268.
(luatex.def)             Requested size: 223.36966pt x 215.0527pt.
[196<./rigid_body_dynamics/../figures/rigid_body_kinetics/problems/07-066.png><./rigid_body_dynamics/../figures/rigid_body_kinetics/problems/06-061.png>]
<rigid_body_dynamics/../figures/rigid_body_kinetics/problems/06-063.png, id=2952, 752.8125pt x 501.875pt>
File: rigid_body_dynamics/../figures/rigid_body_kinetics/problems/06-063.png Graphic file (type png)
<use rigid_body_dynamics/../figures/rigid_body_kinetics/problems/06-063.png>
Package luatex.def Info: rigid_body_dynamics/../figures/rigid_body_kinetics/problems/06-063.png  used on input line 7281.
(luatex.def)             Requested size: 223.37578pt x 148.91719pt.
<rigid_body_dynamics/../figures/rigid_body_kinetics/problems/06-070.png, id=2953, 752.8125pt x 612.2875pt>
File: rigid_body_dynamics/../figures/rigid_body_kinetics/problems/06-070.png Graphic file (type png)
<use rigid_body_dynamics/../figures/rigid_body_kinetics/problems/06-070.png>
Package luatex.def Info: rigid_body_dynamics/../figures/rigid_body_kinetics/problems/06-070.png  used on input line 7294.
(luatex.def)             Requested size: 223.37578pt x 181.67897pt.
[197<./rigid_body_dynamics/../figures/rigid_body_kinetics/problems/06-062.png><./rigid_body_dynamics/../figures/rigid_body_kinetics/problems/06-063.png>]
<rigid_body_dynamics/../figures/rigid_body_kinetics/problems/06-076.png, id=2961, 752.8125pt x 542.025pt>
File: rigid_body_dynamics/../figures/rigid_body_kinetics/problems/06-076.png Graphic file (type png)
<use rigid_body_dynamics/../figures/rigid_body_kinetics/problems/06-076.png>
Package luatex.def Info: rigid_body_dynamics/../figures/rigid_body_kinetics/problems/06-076.png  used on input line 7308.
(luatex.def)             Requested size: 223.37578pt x 160.83057pt.
<rigid_body_dynamics/../figures/rigid_body_kinetics/problems/06-077.png, id=2962, 752.8125pt x 662.475pt>
File: rigid_body_dynamics/../figures/rigid_body_kinetics/problems/06-077.png Graphic file (type png)
<use rigid_body_dynamics/../figures/rigid_body_kinetics/problems/06-077.png>
Package luatex.def Info: rigid_body_dynamics/../figures/rigid_body_kinetics/problems/06-077.png  used on input line 7320.
(luatex.def)             Requested size: 223.37578pt x 196.5707pt.
[198<./rigid_body_dynamics/../figures/rigid_body_kinetics/problems/06-070.png><./rigid_body_dynamics/../figures/rigid_body_kinetics/problems/06-076.png>]
<rigid_body_dynamics/../figures/rigid_body_kinetics/problems/06-136.png, id=2970, 742.775pt x 587.19376pt>
File: rigid_body_dynamics/../figures/rigid_body_kinetics/problems/06-136.png Graphic file (type png)
<use rigid_body_dynamics/../figures/rigid_body_kinetics/problems/06-136.png>
Package luatex.def Info: rigid_body_dynamics/../figures/rigid_body_kinetics/problems/06-136.png  used on input line 7335.
(luatex.def)             Requested size: 223.37823pt x 176.58955pt.
<rigid_body_dynamics/../figures/rigid_body_kinetics/problems/06-142.png, id=2971, 742.775pt x 547.04375pt>
File: rigid_body_dynamics/../figures/rigid_body_kinetics/problems/06-142.png Graphic file (type png)
<use rigid_body_dynamics/../figures/rigid_body_kinetics/problems/06-142.png>
Package luatex.def Info: rigid_body_dynamics/../figures/rigid_body_kinetics/problems/06-142.png  used on input line 7349.
(luatex.def)             Requested size: 223.37823pt x 164.51505pt.
[199<./rigid_body_dynamics/../figures/rigid_body_kinetics/problems/06-077.png><./rigid_body_dynamics/../figures/rigid_body_kinetics/problems/06-136.png>]
<rigid_body_dynamics/../figures/rigid_body_kinetics/problems/06-145.png, id=2979, 752.8125pt x 552.0625pt>
File: rigid_body_dynamics/../figures/rigid_body_kinetics/problems/06-145.png Graphic file (type png)
<use rigid_body_dynamics/../figures/rigid_body_kinetics/problems/06-145.png>
Package luatex.def Info: rigid_body_dynamics/../figures/rigid_body_kinetics/problems/06-145.png  used on input line 7362.
(luatex.def)             Requested size: 223.37578pt x 163.8089pt.
<rigid_body_dynamics/../figures/rigid_body_kinetics/problems/06-146.png, id=2980, 752.8125pt x 742.775pt>
File: rigid_body_dynamics/../figures/rigid_body_kinetics/problems/06-146.png Graphic file (type png)
<use rigid_body_dynamics/../figures/rigid_body_kinetics/problems/06-146.png>
Package luatex.def Info: rigid_body_dynamics/../figures/rigid_body_kinetics/problems/06-146.png  used on input line 7374.
(luatex.def)             Requested size: 223.37578pt x 220.39745pt.
[200<./rigid_body_dynamics/../figures/rigid_body_kinetics/problems/06-142.png><./rigid_body_dynamics/../figures/rigid_body_kinetics/problems/06-145.png>]
<rigid_body_dynamics/../figures/rigid_body_kinetics/problems/06-148.png, id=2987, 752.8125pt x 592.2125pt>
File: rigid_body_dynamics/../figures/rigid_body_kinetics/problems/06-148.png Graphic file (type png)
<use rigid_body_dynamics/../figures/rigid_body_kinetics/problems/06-148.png>
Package luatex.def Info: rigid_body_dynamics/../figures/rigid_body_kinetics/problems/06-148.png  used on input line 7387.
(luatex.def)             Requested size: 223.37578pt x 175.72227pt.
<rigid_body_dynamics/../figures/rigid_body_kinetics/problems/06-155.png, id=2988, 973.6375pt x 511.9125pt>
File: rigid_body_dynamics/../figures/rigid_body_kinetics/problems/06-155.png Graphic file (type png)
<use rigid_body_dynamics/../figures/rigid_body_kinetics/problems/06-155.png>
Package luatex.def Info: rigid_body_dynamics/../figures/rigid_body_kinetics/problems/06-155.png  used on input line 7400.
(luatex.def)             Requested size: 223.38222pt x 117.44838pt.
[201<./rigid_body_dynamics/../figures/rigid_body_kinetics/problems/06-146.png><./rigid_body_dynamics/../figures/rigid_body_kinetics/problems/06-148.png>] [202<./rigid_body_dynamics/../figures/rigid_body_kinetics/problems/06-155.png>]
chapter 22.
[203

]
Overfull \hbox (8.8334pt too wide) detected at line 7455
[]
 []


Overfull \hbox (10.95pt too wide) in paragraph at lines 7455--7455
[] 
 []

[204] [205]
Overfull \hbox (10.29486pt too wide) detected at line 7538
[]
 []


Overfull \hbox (10.95pt too wide) in paragraph at lines 7538--7538
[] 
 []


Overfull \hbox (10.29486pt too wide) detected at line 7548
[]
 []


Overfull \hbox (10.95pt too wide) in paragraph at lines 7548--7548
[] 
 []

[206]
Overfull \hbox (63.02882pt too wide) detected at line 7584
[]
 []


Overfull \hbox (10.95pt too wide) in paragraph at lines 7584--7584
[] 
 []

<rigid_body_dynamics/work_energy_theorem_files/figure-pdf/unnamed-chunk-1-1.pdf, id=3060, 99.37125pt x 142.5325pt>
File: rigid_body_dynamics/work_energy_theorem_files/figure-pdf/unnamed-chunk-1-1.pdf Graphic file (type pdf)
<use rigid_body_dynamics/work_energy_theorem_files/figure-pdf/unnamed-chunk-1-1.pdf>
Package luatex.def Info: rigid_body_dynamics/work_energy_theorem_files/figure-pdf/unnamed-chunk-1-1.pdf  used on input line 7603.
(luatex.def)             Requested size: 99.371pt x 142.53214pt.
[207]
<rigid_body_dynamics/work_energy_theorem_files/figure-pdf/unnamed-chunk-2-1.pdf, id=3074, 92.345pt x 142.5325pt>
File: rigid_body_dynamics/work_energy_theorem_files/figure-pdf/unnamed-chunk-2-1.pdf Graphic file (type pdf)
<use rigid_body_dynamics/work_energy_theorem_files/figure-pdf/unnamed-chunk-2-1.pdf>
Package luatex.def Info: rigid_body_dynamics/work_energy_theorem_files/figure-pdf/unnamed-chunk-2-1.pdf  used on input line 7630.
(luatex.def)             Requested size: 92.34476pt x 142.53214pt.
[208<./rigid_body_dynamics/work_energy_theorem_files/figure-pdf/unnamed-chunk-1-1.pdf><./rigid_body_dynamics/work_energy_theorem_files/figure-pdf/unnamed-chunk-2-1.pdf>]
<rigid_body_dynamics/work_energy_theorem_files/figure-pdf/unnamed-chunk-3-1.pdf, id=3117, 103.38625pt x 153.57375pt>
File: rigid_body_dynamics/work_energy_theorem_files/figure-pdf/unnamed-chunk-3-1.pdf Graphic file (type pdf)
<use rigid_body_dynamics/work_energy_theorem_files/figure-pdf/unnamed-chunk-3-1.pdf>
Package luatex.def Info: rigid_body_dynamics/work_energy_theorem_files/figure-pdf/unnamed-chunk-3-1.pdf  used on input line 7643.
(luatex.def)             Requested size: 103.38599pt x 153.57336pt.
<rigid_body_dynamics/work_energy_theorem_files/figure-pdf/unnamed-chunk-4-1.pdf, id=3118, 141.52875pt x 142.5325pt>
File: rigid_body_dynamics/work_energy_theorem_files/figure-pdf/unnamed-chunk-4-1.pdf Graphic file (type pdf)
<use rigid_body_dynamics/work_energy_theorem_files/figure-pdf/unnamed-chunk-4-1.pdf>
Package luatex.def Info: rigid_body_dynamics/work_energy_theorem_files/figure-pdf/unnamed-chunk-4-1.pdf  used on input line 7656.
(luatex.def)             Requested size: 141.5284pt x 142.53214pt.
[209<./rigid_body_dynamics/work_energy_theorem_files/figure-pdf/unnamed-chunk-3-1.pdf><./rigid_body_dynamics/work_energy_theorem_files/figure-pdf/unnamed-chunk-4-1.pdf>]
<rigid_body_dynamics/../figures/work_energy_theorem/06-096.png, id=3154, 642.4pt x 883.3pt>
File: rigid_body_dynamics/../figures/work_energy_theorem/06-096.png Graphic file (type png)
<use rigid_body_dynamics/../figures/work_energy_theorem/06-096.png>
Package luatex.def Info: rigid_body_dynamics/../figures/work_energy_theorem/06-096.png  used on input line 7690.
(luatex.def)             Requested size: 223.37303pt x 307.13792pt.
[210]
<rigid_body_dynamics/../figures/work_energy_theorem/06-099.png, id=3165, 642.4pt x 401.5pt>
File: rigid_body_dynamics/../figures/work_energy_theorem/06-099.png Graphic file (type png)
<use rigid_body_dynamics/../figures/work_energy_theorem/06-099.png>
Package luatex.def Info: rigid_body_dynamics/../figures/work_energy_theorem/06-099.png  used on input line 7703.
(luatex.def)             Requested size: 223.37303pt x 139.60814pt.
<rigid_body_dynamics/../figures/work_energy_theorem/06-108.png, id=3166, 642.4pt x 582.175pt>
File: rigid_body_dynamics/../figures/work_energy_theorem/06-108.png Graphic file (type png)
<use rigid_body_dynamics/../figures/work_energy_theorem/06-108.png>
Package luatex.def Info: rigid_body_dynamics/../figures/work_energy_theorem/06-108.png  used on input line 7716.
(luatex.def)             Requested size: 223.37303pt x 202.43181pt.
[211<./rigid_body_dynamics/../figures/work_energy_theorem/06-096.png><./rigid_body_dynamics/../figures/work_energy_theorem/06-099.png>]
<rigid_body_dynamics/../figures/work_energy_theorem/06-112.png, id=3174, 642.4pt x 361.35pt>
File: rigid_body_dynamics/../figures/work_energy_theorem/06-112.png Graphic file (type png)
<use rigid_body_dynamics/../figures/work_energy_theorem/06-112.png>
Package luatex.def Info: rigid_body_dynamics/../figures/work_energy_theorem/06-112.png  used on input line 7729.
(luatex.def)             Requested size: 223.37303pt x 125.64732pt.
<rigid_body_dynamics/../figures/work_energy_theorem/06-118.png, id=3175, 642.4pt x 577.15625pt>
File: rigid_body_dynamics/../figures/work_energy_theorem/06-118.png Graphic file (type png)
<use rigid_body_dynamics/../figures/work_energy_theorem/06-118.png>
Package luatex.def Info: rigid_body_dynamics/../figures/work_energy_theorem/06-118.png  used on input line 7742.
(luatex.def)             Requested size: 223.37303pt x 200.6867pt.
[212<./rigid_body_dynamics/../figures/work_energy_theorem/06-108.png><./rigid_body_dynamics/../figures/work_energy_theorem/06-112.png>] [213<./rigid_body_dynamics/../figures/work_energy_theorem/06-118.png>]
chapter 23.
<rigid_body_dynamics/systems_of_particles_and_rigid_bodies_files/figure-pdf/unnamed-chunk-1-1.pdf, id=3189, 467.7475pt x 180.675pt>
File: rigid_body_dynamics/systems_of_particles_and_rigid_bodies_files/figure-pdf/unnamed-chunk-1-1.pdf Graphic file (type pdf)
<use rigid_body_dynamics/systems_of_particles_and_rigid_bodies_files/figure-pdf/unnamed-chunk-1-1.pdf>
Package luatex.def Info: rigid_body_dynamics/systems_of_particles_and_rigid_bodies_files/figure-pdf/unnamed-chunk-1-1.pdf  used on input line 7780.
(luatex.def)             Requested size: 467.74634pt x 180.67455pt.
[214

<./rigid_body_dynamics/systems_of_particles_and_rigid_bodies_files/figure-pdf/unnamed-chunk-1-1.pdf>]
<rigid_body_dynamics/systems_of_particles_and_rigid_bodies_files/figure-pdf/unnamed-chunk-2-1.pdf, id=3229, 172.645pt x 200.75pt>
File: rigid_body_dynamics/systems_of_particles_and_rigid_bodies_files/figure-pdf/unnamed-chunk-2-1.pdf Graphic file (type pdf)
<use rigid_body_dynamics/systems_of_particles_and_rigid_bodies_files/figure-pdf/unnamed-chunk-2-1.pdf>
Package luatex.def Info: rigid_body_dynamics/systems_of_particles_and_rigid_bodies_files/figure-pdf/unnamed-chunk-2-1.pdf  used on input line 7800.
(luatex.def)             Requested size: 172.64456pt x 200.7495pt.
<rigid_body_dynamics/systems_of_particles_and_rigid_bodies_files/figure-pdf/unnamed-chunk-3-1.pdf, id=3230, 172.645pt x 200.75pt>
File: rigid_body_dynamics/systems_of_particles_and_rigid_bodies_files/figure-pdf/unnamed-chunk-3-1.pdf Graphic file (type pdf)
<use rigid_body_dynamics/systems_of_particles_and_rigid_bodies_files/figure-pdf/unnamed-chunk-3-1.pdf>
Package luatex.def Info: rigid_body_dynamics/systems_of_particles_and_rigid_bodies_files/figure-pdf/unnamed-chunk-3-1.pdf  used on input line 7806.
(luatex.def)             Requested size: 172.64456pt x 200.7495pt.
[215<./rigid_body_dynamics/systems_of_particles_and_rigid_bodies_files/figure-pdf/unnamed-chunk-2-1.pdf>]
<rigid_body_dynamics/systems_of_particles_and_rigid_bodies_files/figure-pdf/unnamed-chunk-4-1.pdf, id=3269, 105.39375pt x 68.255pt>
File: rigid_body_dynamics/systems_of_particles_and_rigid_bodies_files/figure-pdf/unnamed-chunk-4-1.pdf Graphic file (type pdf)
<use rigid_body_dynamics/systems_of_particles_and_rigid_bodies_files/figure-pdf/unnamed-chunk-4-1.pdf>
Package luatex.def Info: rigid_body_dynamics/systems_of_particles_and_rigid_bodies_files/figure-pdf/unnamed-chunk-4-1.pdf  used on input line 7812.
(luatex.def)             Requested size: 105.39348pt x 68.25482pt.
[216<./rigid_body_dynamics/systems_of_particles_and_rigid_bodies_files/figure-pdf/unnamed-chunk-3-1.pdf><./rigid_body_dynamics/systems_of_particles_and_rigid_bodies_files/figure-pdf/unnamed-chunk-4-1.pdf>] [217]
part V.
Package scrkbase Info: You've told me to use the font selection of the element
(scrkbase)             `partprefix' that is an alias of element `partnumber'
(scrkbase)              on input line 7854.
[218

]
chapter 24.
<lagrangian_mechanics/lagranges_equations_files/figure-pdf/unnamed-chunk-1-1.pdf, id=3341, 293.095pt x 233.87375pt>
File: lagrangian_mechanics/lagranges_equations_files/figure-pdf/unnamed-chunk-1-1.pdf Graphic file (type pdf)
<use lagrangian_mechanics/lagranges_equations_files/figure-pdf/unnamed-chunk-1-1.pdf>
Package luatex.def Info: lagrangian_mechanics/lagranges_equations_files/figure-pdf/unnamed-chunk-1-1.pdf  used on input line 7899.
(luatex.def)             Requested size: 293.09427pt x 233.87315pt.
[219

] [220<./lagrangian_mechanics/lagranges_equations_files/figure-pdf/unnamed-chunk-1-1.pdf>] [221]
! Missing $ inserted.
<inserted text> 
$
l.8039 ...ot \frac{\partial {\bf r}^K}{\partial q^i}
                                                  \$

Here is how much of LuaTeX's memory you used:
 45382 strings out of 475695
 100000,1977958 words of node,token memory allocated
 21787 words of node memory still in use:
   291 hlist, 47 vlist, 28 rule, 113 disc, 10 local_par, 1 dir, 66 math, 452 glue, 202 kern, 56 penalty, 8 sub_mlist, 6 margin_kern, 1551 glyph, 245 attribute, 68 glue_spec, 245 attribute_list, 1 temp, 4 write, 6 pdf_dest, 1 pdf_action, 4 pdf_colorstack nodes
   avail lists: 1:2,2:1643,3:956,4:150,5:473,6:43,7:3266,8:102,9:1180,10:10,11:181,12:1
 65743 multiletter control sequences out of 65536+600000
 159 fonts using 48978615 bytes
 108i,20n,114p,11226b,1126s stack positions out of 10000i,1000n,20000p,200000b,200000s
!  ==> Fatal error occurred, no output PDF file produced!
